clubQid,name,country,tier,venue,capacity,lat,lon,ticketUrl,source,note,_league,_season,_article,_rosterCapacity,_ourTier,_wikidataLeagues,_hasCoordinates,_sameNameOnMap,_secondSource,_why,_verdict
Q297832,ASK Voitsberg,AT,,,,,,,https://en.wikipedia.org/wiki/ASK_Voitsberg,,2. Liga (Austria),2026-27,2026–27 Austrian Football Second League,2500,2,Q4825490,no,,no second source for this division,in the division and on the map at this tier,ok
Q698702,Admira Wacker,AT,,,,,,,https://en.wikipedia.org/wiki/Admira_Wacker,,2. Liga (Austria),2026-27,2026–27 Austrian Football Second League,10600,2,Q219592 Q650236,yes,,no second source for this division,in the division and on the map at this tier,ok
Q696525,F.C. Blau-Weiß Linz,AT,,,,,,,https://en.wikipedia.org/wiki/FC_Blau-Wei%C3%9F_Linz,,2. Liga (Austria),2026-27,2026–27 Austrian Football Second League,5000,2,Q219592,yes,,no second source for this division,in the division and on the map at this tier,ok
Q1387293,FC Liefering,AT,,,,,,,https://en.wikipedia.org/wiki/FC_Liefering,,2. Liga (Austria),2026-27,2026–27 Austrian Football Second League,4128,2,Q650236,yes,,no second source for this division,in the division and on the map at this tier,ok
Q261813,FC Wacker Innsbruck,AT,,,,,,,https://en.wikipedia.org/wiki/FC_Wacker_Innsbruck_%282002%29,,2. Liga (Austria),2026-27,2026–27 Austrian Football Second League,17000,2,Q4825492 Q650236,yes,,no second source for this division,in the division and on the map at this tier,ok
Q686826,First Vienna FC,AT,,,,,,,https://en.wikipedia.org/wiki/First_Vienna_FC,,2. Liga (Austria),2026-27,2026–27 Austrian Football Second League,5500,2,Q650236,yes,,no second source for this division,in the division and on the map at this tier,ok
Q696474,Floridsdorfer AC,AT,,,,,,,https://en.wikipedia.org/wiki/Floridsdorfer_AC,,2. Liga (Austria),2026-27,2026–27 Austrian Football Second League,3000,2,Q683390,no,,no second source for this division,in the division and on the map at this tier,ok
Q741382,Kapfenberger SV,AT,,,,,,,https://en.wikipedia.org/wiki/Kapfenberger_SV,,2. Liga (Austria),2026-27,2026–27 Austrian Football Second League,10000,2,Q650236,yes,,no second source for this division,in the division and on the map at this tier,ok
Q699686,SC Schwarz-Weiß Bregenz,AT,,,,,,,https://en.wikipedia.org/wiki/Schwarz-Wei%C3%9F_Bregenz,,2. Liga (Austria),2026-27,2026–27 Austrian Football Second League,12000,2,Q4825492,yes,,no second source for this division,in the division and on the map at this tier,ok
Q98228613,SK Rapid Wien II,AT,,,,,,,https://en.wikipedia.org/wiki/2026%E2%80%9327_Austrian_Football_Second_League,,2. Liga (Austria),2026-27,2026–27 Austrian Football Second League,28345,2,none,no,,no second source for this division,"in the division and on the map at this tier (this row is joined to Q98228613 by a hand link, data/roster-links-manual.csv line 2)",ok
Q98217947,SK Sturm Graz II,AT,,,,,,,https://en.wikipedia.org/wiki/2026%E2%80%9327_Austrian_Football_Second_League,,2. Liga (Austria),2026-27,2026–27 Austrian Football Second League,16364,2,none,no,,no second source for this division,"in the division and on the map at this tier (this row is joined to Q98217947 by a hand link, data/roster-links-manual.csv line 3)",ok
Q427491,SKN St. Pölten,AT,,,,,,,https://en.wikipedia.org/wiki/SKN_St._P%C3%B6lten,,2. Liga (Austria),2026-27,2026–27 Austrian Football Second League,8000,2,Q219592 Q650236,yes,,no second source for this division,in the division and on the map at this tier,ok
Q2206406,SKU Amstetten,AT,,,,,,,https://en.wikipedia.org/wiki/SKU_Amstetten,,2. Liga (Austria),2026-27,2026–27 Austrian Football Second League,2000,2,Q683390,no,,no second source for this division,in the division and on the map at this tier,ok
Q22866,SV Austria Salzburg,AT,,,,,,,https://en.wikipedia.org/wiki/SV_Austria_Salzburg,,2. Liga (Austria),2026-27,2026–27 Austrian Football Second League,1566,2,Q105962727 Q650236,no,,no second source for this division,in the division and on the map at this tier,ok
Q63168427,WSC Hertha Wels,AT,,,,,,,https://en.wikipedia.org/wiki/FC_Hertha_Wels,,2. Liga (Austria),2026-27,2026–27 Austrian Football Second League,3000,2,none,no,,no second source for this division,in the division and on the map at this tier,ok
Q60967849,Young Violets Austria Wien,AT,,,,,,,https://en.wikipedia.org/wiki/2026%E2%80%9327_Austrian_Football_Second_League,,2. Liga (Austria),2026-27,2026–27 Austrian Football Second League,17500,2,Q650236,yes,,no second source for this division,"in the division and on the map at this tier (this row is joined to Q60967849 by a hand link, data/roster-links-manual.csv line 4)",ok
Q994811,FC Red Bull Salzburg,AT,,,,,,,https://en.wikipedia.org/wiki/FC_Red_Bull_Salzburg,,Bundesliga (Austria),2026-27,2026–27 Austrian Football Bundesliga,30188,1,Q219592,yes,,no second source for this division,in the division and on the map at this tier,ok
Q131209,FK Austria Wien,AT,,,,,,,https://en.wikipedia.org/wiki/FK_Austria_Wien,,Bundesliga (Austria),2026-27,2026–27 Austrian Football Bundesliga,17656,1,Q219592,yes,,no second source for this division,in the division and on the map at this tier,ok
Q659780,Grazer AK,AT,,,,,,,https://en.wikipedia.org/wiki/Grazer_AK,,Bundesliga (Austria),2026-27,2026–27 Austrian Football Bundesliga,16364,1,Q219592 Q650236,yes,,no second source for this division,in the division and on the map at this tier,ok
Q392310,LASK Linz,AT,,,,,,,https://en.wikipedia.org/wiki/LASK,,Bundesliga (Austria),2026-27,2026–27 Austrian Football Bundesliga,19080,1,Q219592,yes,,no second source for this division,in the division and on the map at this tier,ok
Q696507,SC Austria Lustenau,AT,,,,,,,https://en.wikipedia.org/wiki/SC_Austria_Lustenau,,Bundesliga (Austria),2026-27,2026–27 Austrian Football Bundesliga,5138,1,Q219592 Q650236,yes,,no second source for this division,in the division and on the map at this tier,ok
Q670438,SC Rheindorf Altach,AT,,,,,,,https://en.wikipedia.org/wiki/SC_Rheindorf_Altach,,Bundesliga (Austria),2026-27,2026–27 Austrian Football Bundesliga,8500,1,Q219592,yes,,no second source for this division,in the division and on the map at this tier,ok
Q131215,SK Rapid Wien,AT,,,,,,,https://en.wikipedia.org/wiki/SK_Rapid_Vienna,,Bundesliga (Austria),2026-27,2026–27 Austrian Football Bundesliga,28600,1,Q219592,yes,,no second source for this division,in the division and on the map at this tier,ok
Q124007617,SK Sturm Graz,AT,,,,,,,https://en.wikipedia.org/wiki/SK_Sturm_Graz,,Bundesliga (Austria),2026-27,2026–27 Austrian Football Bundesliga,16364,1,Q219592,yes,,no second source for this division,in the division and on the map at this tier,ok
Q457460,SV Ried,AT,,,,,,,https://en.wikipedia.org/wiki/SV_Ried,,Bundesliga (Austria),2026-27,2026–27 Austrian Football Bundesliga,7680,1,Q219592 Q650236,yes,,no second source for this division,in the division and on the map at this tier,ok
Q699746,TSV Hartberg,AT,,,,,,,https://en.wikipedia.org/wiki/TSV_Hartberg,,Bundesliga (Austria),2026-27,2026–27 Austrian Football Bundesliga,5024,1,Q219592 Q650236,yes,,no second source for this division,in the division and on the map at this tier,ok
Q686659,WSG Tirol,AT,,,,,,,https://en.wikipedia.org/wiki/WSG_Tirol,,Bundesliga (Austria),2026-27,2026–27 Austrian Football Bundesliga,16008,1,Q219592 Q4825492 Q650236,yes,,no second source for this division,in the division and on the map at this tier,ok
Q694484,Wolfsberger AC,AT,,,,,,,https://en.wikipedia.org/wiki/Wolfsberger_AC,,Bundesliga (Austria),2026-27,2026–27 Austrian Football Bundesliga,7300,1,Q219592,yes,,no second source for this division,in the division and on the map at this tier,ok
Q603271,FC Aarau,CH,,,,,,,https://en.wikipedia.org/wiki/FC_Aarau,,Challenge League,2026-27,2026–27 Swiss Challenge League,8000,2,Q202699 Q669073,yes,,no second source for this division,in the division and on the map at this tier,ok
Q681483,FC Rapperswil-Jona,CH,,,,,,,https://en.wikipedia.org/wiki/FC_Rapperswil-Jona,,Challenge League,2026-27,2026–27 Swiss Challenge League,3200,2,Q672305,no,,no second source for this division,in the division and on the map at this tier,ok
Q869907,FC Stade Lausanne-Ouchy,CH,,,,,,,https://en.wikipedia.org/wiki/FC_Stade_Lausanne-Ouchy,,Challenge League,2026-27,2026–27 Swiss Challenge League,15850,2,Q202699 Q25762 Q669073,no,,no second source for this division,in the division and on the map at this tier,ok
Q673268,FC Stade Nyonnais,CH,,,,,,,https://en.wikipedia.org/wiki/FC_Stade_Nyonnais,,Challenge League,2026-27,2026–27 Swiss Challenge League,7200,2,Q25762,yes,,no second source for this division,in the division and on the map at this tier,ok
Q187091,FC Wil 1900,CH,,,,,,,https://en.wikipedia.org/wiki/FC_Wil_1900,,Challenge League,2026-27,2026–27 Swiss Challenge League,6958,2,Q202699,yes,,no second source for this division,in the division and on the map at this tier,ok
Q201969,FC Winterthur,CH,,,,,,,https://en.wikipedia.org/wiki/FC_Winterthur,,Challenge League,2026-27,2026–27 Swiss Challenge League,8700,2,Q202699 Q669073,yes,,no second source for this division,in the division and on the map at this tier,ok
Q335195,Neuchâtel Xamax FCS,CH,,,,,,,https://en.wikipedia.org/wiki/Neuch%C3%A2tel_Xamax_FCS,,Challenge League,2026-27,2026–27 Swiss Challenge League,11997,2,Q202699 Q25762 Q669073 Q672305 Q694394,yes,,no second source for this division,in the division and on the map at this tier,ok
Q671950,SC Kriens,CH,,,,,,,https://en.wikipedia.org/wiki/SC_Kriens,,Challenge League,2026-27,2026–27 Swiss Challenge League,3500,2,Q25762 Q669073,yes,,no second source for this division,in the division and on the map at this tier,ok
Q669130,Yverdon-Sport FC,CH,,,,,,,https://en.wikipedia.org/wiki/Yverdon-Sport_FC,,Challenge League,2026-27,2026–27 Swiss Challenge League,4200,2,Q202699 Q25762 Q669073,yes,,no second source for this division,in the division and on the map at this tier,ok
Q166496,Étoile Carouge FC,CH,,,,,,,https://en.wikipedia.org/wiki/%C3%89toile_Carouge_FC,,Challenge League,2026-27,2026–27 Swiss Challenge League,3600,2,Q669073,yes,,no second source for this division,in the division and on the map at this tier,ok
Q190526,BSC Young Boys,CH,,,,,,,https://en.wikipedia.org/wiki/BSC_Young_Boys,,Super League,2026-27,2026–27 Swiss Super League,,1,Q202699,yes,,no second source for this division,in the division and on the map at this tier,ok
Q189671,FC Basel,CH,,,,,,,https://en.wikipedia.org/wiki/FC_Basel,,Super League,2026-27,2026–27 Swiss Super League,,1,Q202699,yes,,no second source for this division,in the division and on the map at this tier,ok
Q309456,FC Lausanne-Sport,CH,,,,,,,https://en.wikipedia.org/wiki/FC_Lausanne-Sport,,Super League,2026-27,2026–27 Swiss Super League,,1,Q202699 Q669073,yes,,no second source for this division,in the division and on the map at this tier,ok
Q633521,FC Lugano,CH,,,,,,,https://en.wikipedia.org/wiki/FC_Lugano,,Super League,2026-27,2026–27 Swiss Super League,,1,Q202699 Q669073,yes,,no second source for this division,in the division and on the map at this tier,ok
Q223262,FC Luzern,CH,,,,,,,https://en.wikipedia.org/wiki/FC_Luzern,,Super League,2026-27,2026–27 Swiss Super League,,1,Q202699,yes,,no second source for this division,in the division and on the map at this tier,ok
Q321061,FC Sion,CH,,,,,,,https://en.wikipedia.org/wiki/FC_Sion,,Super League,2026-27,2026–27 Swiss Super League,,1,Q202699 Q669073,yes,,no second source for this division,in the division and on the map at this tier,ok
Q659212,FC St. Gallen,CH,,,,,,,https://en.wikipedia.org/wiki/FC_St._Gallen,,Super League,2026-27,2026–27 Swiss Super League,,1,Q202699,yes,,no second source for this division,in the division and on the map at this tier,ok
Q464775,FC Thun,CH,,,,,,,https://en.wikipedia.org/wiki/FC_Thun,,Super League,2026-27,2026–27 Swiss Super League,,1,Q202699 Q669073,yes,,no second source for this division,in the division and on the map at this tier,ok
Q216773,FC Vaduz,CH,,,,,,,https://en.wikipedia.org/wiki/FC_Vaduz,,Super League,2026-27,2026–27 Swiss Super League,,1,Q202699 Q669073,yes,,no second source for this division,in the division and on the map at this tier,ok
Q206692,FC Zürich,CH,,,,,,,https://en.wikipedia.org/wiki/FC_Z%C3%BCrich,,Super League,2026-27,2026–27 Swiss Super League,,1,Q202699,yes,,no second source for this division,in the division and on the map at this tier,ok
Q201360,Grasshopper Club Zürich,CH,,,,,,,https://en.wikipedia.org/wiki/Grasshopper_Club_Zurich,,Super League,2026-27,2026–27 Swiss Super League,,1,Q202699 Q669073,yes,,no second source for this division,in the division and on the map at this tier,ok
Q219235,Servette FC,CH,,,,,,,https://en.wikipedia.org/wiki/Servette_FC,,Super League,2026-27,2026–27 Swiss Super League,,1,Q202699,yes,,no second source for this division,in the division and on the map at this tier,ok
Q162251,1. FC Heidenheim 1846,DE,,,,,,,https://en.wikipedia.org/wiki/1._FC_Heidenheim,,2. Bundesliga,2026-27,2026–27 2. Bundesliga,15000,2,Q152665 Q154069 Q82595,yes,,no second source for this division,in the division and on the map at this tier,ok
Q8466,1. FC Kaiserslautern,DE,,,,,,,https://en.wikipedia.org/wiki/1._FC_Kaiserslautern,,2. Bundesliga,2026-27,2026–27 2. Bundesliga,49327,2,Q152665 Q154069,yes,,no second source for this division,in the division and on the map at this tier,ok
Q155730,1. FC Magdeburg,DE,,,,,,,https://en.wikipedia.org/wiki/1._FC_Magdeburg,,2. Bundesliga,2026-27,2026–27 2. Bundesliga,30098,2,Q152665,yes,,no second source for this division,in the division and on the map at this tier,ok
Q15786,1. FC Nürnberg,DE,,,,,,,https://en.wikipedia.org/wiki/1._FC_N%C3%BCrnberg,,2. Bundesliga,2026-27,2026–27 2. Bundesliga,49923,2,Q152665 Q82595,yes,,no second source for this division,in the division and on the map at this tier,ok
Q105844,Arminia Bielefeld,DE,,,,,,,https://en.wikipedia.org/wiki/Arminia_Bielefeld,,2. Bundesliga,2026-27,2026–27 2. Bundesliga,27332,2,Q152665 Q154069 Q82595,yes,,no second source for this division,in the division and on the map at this tier,ok
Q141931,Dynamo Dresden,DE,,,,,,,https://en.wikipedia.org/wiki/Dynamo_Dresden,,2. Bundesliga,2026-27,2026–27 2. Bundesliga,32249,2,Q152665 Q154069,yes,,no second source for this division,in the division and on the map at this tier,ok
Q154053,Eintracht Braunschweig,DE,,,,,,,https://en.wikipedia.org/wiki/Eintracht_Braunschweig,,2. Bundesliga,2026-27,2026–27 2. Bundesliga,23325,2,Q152665 Q154069,yes,,no second source for this division,in the division and on the map at this tier,ok
Q107818,FC Energie Cottbus,DE,,,,,,,https://en.wikipedia.org/wiki/FC_Energie_Cottbus,,2. Bundesliga,2026-27,2026–27 2. Bundesliga,22528,2,Q152665 Q154069 Q548937,yes,,no second source for this division,in the division and on the map at this tier,ok
Q6463,FC St. Pauli,DE,,,,,,,https://en.wikipedia.org/wiki/FC_St._Pauli,,2. Bundesliga,2026-27,2026–27 2. Bundesliga,29546,2,Q152665 Q82595,yes,,no second source for this division,in the division and on the map at this tier,ok
Q33748,Hannover 96,DE,,,,,,,https://en.wikipedia.org/wiki/Hannover_96,,2. Bundesliga,2026-27,2026–27 2. Bundesliga,49000,2,Q152665 Q82595,yes,,no second source for this division,in the division and on the map at this tier,ok
Q102720,Hertha BSC,DE,,,,,,,https://en.wikipedia.org/wiki/Hertha_BSC,,2. Bundesliga,2026-27,2026–27 2. Bundesliga,74649,2,Q152665 Q82595,yes,,no second source for this division,in the division and on the map at this tier,ok
Q157828,Holstein Kiel,DE,,,,,,,https://en.wikipedia.org/wiki/Holstein_Kiel,,2. Bundesliga,2026-27,2026–27 2. Bundesliga,15034,2,Q152665 Q82595,yes,,no second source for this division,in the division and on the map at this tier,ok
Q105853,Karlsruher SC,DE,,,,,,,https://en.wikipedia.org/wiki/Karlsruher_SC,,2. Bundesliga,2026-27,2026–27 2. Bundesliga,34302,2,Q152665 Q154069,yes,,no second source for this division,in the division and on the map at this tier,ok
Q479351,SV Darmstadt 98,DE,,,,,,,https://en.wikipedia.org/wiki/SV_Darmstadt_98,,2. Bundesliga,2026-27,2026–27 2. Bundesliga,17650,2,Q152665 Q2348880 Q316340 Q4596989 Q82595,yes,,no second source for this division,in the division and on the map at this tier,ok
Q153539,SpVgg Greuther Fürth,DE,,,,,,,https://en.wikipedia.org/wiki/SpVgg_Greuther_F%C3%BCrth,,2. Bundesliga,2026-27,2026–27 2. Bundesliga,16626,2,Q152665 Q82595,yes,,no second source for this division,in the division and on the map at this tier,ok
Q105861,VfL Bochum,DE,,,,,,,https://en.wikipedia.org/wiki/VfL_Bochum,,2. Bundesliga,2026-27,2026–27 2. Bundesliga,26000,2,Q152665 Q82595,yes,,no second source for this division,in the division and on the map at this tier,ok
Q160530,VfL Osnabrück,DE,,,,,,,https://en.wikipedia.org/wiki/VfL_Osnabr%C3%BCck,,2. Bundesliga,2026-27,2026–27 2. Bundesliga,15741,2,Q152665 Q154069,yes,,no second source for this division,in the division and on the map at this tier,ok
Q101859,VfL Wolfsburg,DE,,,,,,,https://en.wikipedia.org/wiki/VfL_Wolfsburg,,2. Bundesliga,2026-27,2026–27 2. Bundesliga,30000,2,Q152665 Q82595,yes,,no second source for this division,in the division and on the map at this tier,ok
Q157463,1. FC Saarbrücken,DE,,,,,,,https://en.wikipedia.org/wiki/1._FC_Saarbr%C3%BCcken,,3. Liga,2026-27,2026–27 3. Liga,16003,3,Q154069,yes,,no second source for this division,in the division and on the map at this tier,ok
Q153535,Alemannia Aachen,DE,,,,,,,https://en.wikipedia.org/wiki/Alemannia_Aachen,,3. Liga,2026-27,2026–27 3. Liga,32960,3,Q152665 Q154069 Q555836 Q82595,yes,,no second source for this division,in the division and on the map at this tier,ok
Q142005,F.C. Hansa Rostock,DE,,,,,,,https://en.wikipedia.org/wiki/FC_Hansa_Rostock,,3. Liga,2026-27,2026–27 3. Liga,29000,3,Q154069 Q82595,yes,,no second source for this division,in the division and on the map at this tier,ok
Q170117,FC Ingolstadt 04,DE,,,,,,,https://en.wikipedia.org/wiki/FC_Ingolstadt_04,,3. Liga,2026-27,2026–27 3. Liga,15200,3,Q152665 Q154069,yes,,no second source for this division,in the division and on the map at this tier,ok
Q695008,FC Viktoria Köln,DE,,,,,,,https://en.wikipedia.org/wiki/FC_Viktoria_K%C3%B6ln,,3. Liga,2026-27,2026–27 3. Liga,8343,3,Q154069 Q555836 Q832896,yes,,no second source for this division,in the division and on the map at this tier,ok
Q151747,Fortuna Düsseldorf,DE,,,,,,,https://en.wikipedia.org/wiki/Fortuna_D%C3%BCsseldorf,,3. Liga,2026-27,2026–27 3. Liga,54600,3,Q152665 Q154069 Q82595,yes,,no second source for this division,in the division and on the map at this tier,ok
Q154293,MSV Duisburg,DE,,,,,,,https://en.wikipedia.org/wiki/MSV_Duisburg,,3. Liga,2026-27,2026–27 3. Liga,31514,3,Q152665 Q154069,yes,,no second source for this division,in the division and on the map at this tier,ok
Q155218,Rot-Weiss Essen,DE,,,,,,,https://en.wikipedia.org/wiki/Rot-Weiss_Essen,,3. Liga,2026-27,2026–27 3. Liga,19962,3,Q154069 Q555836,yes,,no second source for this division,in the division and on the map at this tier,ok
Q310608,SC Fortuna Köln,DE,,,,,,,https://en.wikipedia.org/wiki/SC_Fortuna_K%C3%B6ln,,3. Liga,2026-27,2026–27 3. Liga,11748,3,Q154069 Q555836,yes,,no second source for this division,in the division and on the map at this tier,ok
Q316865,SC Preußen Münster,DE,,,,,,,https://en.wikipedia.org/wiki/SC_Preu%C3%9Fen_M%C3%BCnster,,3. Liga,2026-27,2026–27 3. Liga,14300,3,Q152665 Q154069,yes,,no second source for this division,in the division and on the map at this tier,ok
Q666010,SC Verl,DE,,,,,,,https://en.wikipedia.org/wiki/SC_Verl,,3. Liga,2026-27,2026–27 3. Liga,5207,3,Q555836,yes,,no second source for this division,in the division and on the map at this tier,ok
Q692755,SG Sonnenhof Großaspach,DE,,,,,,,https://en.wikipedia.org/wiki/SG_Sonnenhof_Gro%C3%9Faspach,,3. Liga,2026-27,2026–27 3. Liga,10001,3,Q322128,yes,,no second source for this division,in the division and on the map at this tier,ok
Q265570,SSV Jahn Regensburg,DE,,,,,,,https://en.wikipedia.org/wiki/SSV_Jahn_Regensburg,,3. Liga,2026-27,2026–27 3. Liga,15210,3,Q154069,yes,,no second source for this division,in the division and on the map at this tier,ok
Q819400,SV Meppen,DE,,,,,,,https://en.wikipedia.org/wiki/SV_Meppen,,3. Liga,2026-27,2026–27 3. Liga,13241,3,Q2188121,yes,,no second source for this division,in the division and on the map at this tier,ok
Q170134,SV Waldhof Mannheim,DE,,,,,,,https://en.wikipedia.org/wiki/SV_Waldhof_Mannheim,,3. Liga,2026-27,2026–27 3. Liga,24302,3,Q154069 Q322128,yes,,no second source for this division,in the division and on the map at this tier,ok
Q310621,SV Wehen Wiesbaden,DE,,,,,,,https://en.wikipedia.org/wiki/SV_Wehen_Wiesbaden,,3. Liga,2026-27,2026–27 3. Liga,15295,3,Q154069,yes,,no second source for this division,in the division and on the map at this tier,ok
Q16637410,TSG 1899 Hoffenheim II,DE,,,,,,,https://en.wikipedia.org/wiki/TSG_1899_Hoffenheim_II,,3. Liga,2026-27,2026–27 3. Liga,6350,3,Q322128,yes,,no second source for this division,in the division and on the map at this tier,ok
Q537301,TSV Havelse,DE,,,,,,,https://en.wikipedia.org/wiki/TSV_Havelse,,3. Liga,2026-27,2026–27 3. Liga,,3,Q2188121,yes,,no second source for this division,in the division and on the map at this tier,ok
Q107421,VfB Stuttgart II,DE,,,,,,,https://en.wikipedia.org/wiki/VfB_Stuttgart_II,,3. Liga,2026-27,2026–27 3. Liga,10001,3,Q154069,yes,,no second source for this division,in the division and on the map at this tier,ok
Q535785,Würzburger Kickers,DE,,,,,,,https://en.wikipedia.org/wiki/FC_W%C3%BCrzburger_Kickers,,3. Liga,2026-27,2026–27 3. Liga,13090,3,Q154069,yes,,no second source for this division,in the division and on the map at this tier,ok
Q104770,1. FC Köln,DE,,,,,,,https://en.wikipedia.org/wiki/1._FC_K%C3%B6ln,,Bundesliga,2026-27,2026–27 Bundesliga,49698,1,Q152665 Q82595,yes,,Bundesliga: confirms,in the division and on the map at this tier,ok
Q141971,1. FC Union Berlin,DE,,,,,,,https://en.wikipedia.org/wiki/1._FC_Union_Berlin,,Bundesliga,2026-27,2026–27 Bundesliga,22012,1,Q82595,yes,,Bundesliga: confirms,in the division and on the map at this tier,ok
Q105254,1. FSV Mainz 05,DE,,,,,,,https://en.wikipedia.org/wiki/1._FSV_Mainz_05,,Bundesliga,2026-27,2026–27 Bundesliga,33305,1,Q82595,yes,,Bundesliga: confirms,in the division and on the map at this tier,ok
Q104761,Bayer 04 Leverkusen,DE,,,,,,,https://en.wikipedia.org/wiki/Bayer_04_Leverkusen,,Bundesliga,2026-27,2026–27 Bundesliga,30210,1,Q82595,yes,,Bundesliga: confirms,in the division and on the map at this tier,ok
Q41420,Borussia Dortmund,DE,,,,,,,https://en.wikipedia.org/wiki/Borussia_Dortmund,,Bundesliga,2026-27,2026–27 Bundesliga,81365,1,Q82595,yes,,Bundesliga: confirms,in the division and on the map at this tier,ok
Q101959,Borussia Mönchengladbach,DE,,,,,,,https://en.wikipedia.org/wiki/Borussia_M%C3%B6nchengladbach,,Bundesliga,2026-27,2026–27 Bundesliga,54057,1,Q82595,yes,,Bundesliga: confirms,in the division and on the map at this tier,ok
Q38245,Eintracht Frankfurt,DE,,,,,,,https://en.wikipedia.org/wiki/Eintracht_Frankfurt,,Bundesliga,2026-27,2026–27 Bundesliga,59500,1,Q82595,yes,,Bundesliga: confirms,in the division and on the map at this tier,ok
Q97905916,FC Augsburg,DE,,,,,,,https://en.wikipedia.org/wiki/FC_Augsburg,,Bundesliga,2026-27,2026–27 Bundesliga,30660,1,Q82595,yes,,Bundesliga: confirms,"in the division and on the map at this tier, as Q97905916: the article links Q15755, and Q97905916 - the item on the map - names Q15755 as its parent club (P831). One club with a club item and a men's-team item, joined id to id rather than by name",ok
Q15789,FC Bayern Munich,DE,,,,,,,https://en.wikipedia.org/wiki/FC_Bayern_Munich,,Bundesliga,2026-27,2026–27 Bundesliga,75000,1,Q82595,yes,,Bundesliga: confirms,in the division and on the map at this tier,ok
Q51974,Hamburger SV,DE,,,,,,,https://en.wikipedia.org/wiki/Hamburger_SV,,Bundesliga,2026-27,2026–27 Bundesliga,57000,1,Q152665 Q82595,yes,,Bundesliga: confirms,in the division and on the map at this tier,ok
Q702455,RB Leipzig,DE,,,,,,,https://en.wikipedia.org/wiki/RB_Leipzig,,Bundesliga,2026-27,2026–27 Bundesliga,47800,1,Q152665 Q154069 Q82595,yes,,Bundesliga: confirms,in the division and on the map at this tier,ok
Q106394,SC Freiburg,DE,,,,,,,https://en.wikipedia.org/wiki/SC_Freiburg,,Bundesliga,2026-27,2026–27 Bundesliga,34700,1,Q82595,yes,,Bundesliga: confirms,in the division and on the map at this tier,ok
Q160532,SC Paderborn 07,DE,,,,,,,https://en.wikipedia.org/wiki/SC_Paderborn_07,,Bundesliga,2026-27,2026–27 Bundesliga,15000,1,Q152665 Q82595,yes,,Bundesliga: confirms,in the division and on the map at this tier,ok
Q692691,SV Elversberg,DE,,,,,,,https://en.wikipedia.org/wiki/SV_Elversberg,,Bundesliga,2026-27,2026–27 Bundesliga,10000,1,Q152665 Q82595,yes,,Bundesliga: confirms,in the division and on the map at this tier,ok
Q51976,SV Werder Bremen,DE,,,,,,,https://en.wikipedia.org/wiki/SV_Werder_Bremen,,Bundesliga,2026-27,2026–27 Bundesliga,42100,1,Q152665 Q82595,yes,,Bundesliga: confirms,in the division and on the map at this tier,ok
Q32494,Schalke 04,DE,,,,,,,https://en.wikipedia.org/wiki/FC_Schalke_04,,Bundesliga,2026-27,2026–27 Bundesliga,62271,1,Q152665 Q82595,yes,,Bundesliga: confirms,in the division and on the map at this tier,ok
Q22707,TSG 1899 Hoffenheim,DE,,,,,,,https://en.wikipedia.org/wiki/TSG_1899_Hoffenheim,,Bundesliga,2026-27,2026–27 Bundesliga,30150,1,Q82595,yes,,Bundesliga: confirms,in the division and on the map at this tier,ok
Q4512,VfB Stuttgart,DE,,,,,,,https://en.wikipedia.org/wiki/VfB_Stuttgart,,Bundesliga,2026-27,2026–27 Bundesliga,60058,1,Q152665 Q82595,yes,,Bundesliga: confirms,in the division and on the map at this tier,ok
Q162213,1. FC Bocholt,DE,,,,,,,https://en.wikipedia.org/wiki/1._FC_Bocholt,,"Regionalliga Suedwest, Regionalliga Nordost, Regionalliga West, Regionalliga Bayern, Regionalliga Nord",2026-27,2026–27 Regionalliga,,,Q1476473,yes,,no second source for this division,"Wikidata gives it only leagues Q1476473, none of them in data/league-tiers.csv, so the club query never sees it. Add a row to data/clubs-manual.csv",missing-from-wikidata
Q162366,1. FC Phönix Lübeck,DE,,,,,,,https://en.wikipedia.org/wiki/1._FC_Ph%C3%B6nix_L%C3%BCbeck,,"Regionalliga Suedwest, Regionalliga Nordost, Regionalliga West, Regionalliga Bayern, Regionalliga Nord",2026-27,2026–27 Regionalliga,,,none,no,,no second source for this division,"Wikidata gives it no league at all, none of them in data/league-tiers.csv, so the club query never sees it. Add a row to data/clubs-manual.csv",missing-from-wikidata
Q162394,1. FC Schweinfurt 05,DE,,,,,,,https://en.wikipedia.org/wiki/1._FC_Schweinfurt_05,,"Regionalliga Suedwest, Regionalliga Nordost, Regionalliga West, Regionalliga Bayern, Regionalliga Nord",2026-27,2026–27 Regionalliga,,,Q15735,yes,,no second source for this division,"Wikidata gives it only leagues Q15735, none of them in data/league-tiers.csv, so the club query never sees it. Add a row to data/clubs-manual.csv",missing-from-wikidata
Q666155,BFC Preussen,DE,,,,,,,https://en.wikipedia.org/wiki/BFC_Preussen,,"Regionalliga Suedwest, Regionalliga Nordost, Regionalliga West, Regionalliga Bayern, Regionalliga Nord",2026-27,2026–27 Regionalliga,,,Q821097,yes,,no second source for this division,"Wikidata gives it only leagues Q821097, none of them in data/league-tiers.csv, so the club query never sees it. Add a row to data/clubs-manual.csv",missing-from-wikidata
Q479276,Bremer SV,DE,,,,,,,https://en.wikipedia.org/wiki/Bremer_SV,,"Regionalliga Suedwest, Regionalliga Nordost, Regionalliga West, Regionalliga Bayern, Regionalliga Nord",2026-27,2026–27 Regionalliga,,,Q475887,no,,no second source for this division,"Wikidata gives it only leagues Q475887, none of them in data/league-tiers.csv, so the club query never sees it. Add a row to data/clubs-manual.csv",missing-from-wikidata
Q468738,Eimsbütteler TV,DE,,,,,,,https://en.wikipedia.org/wiki/Eimsb%C3%BCtteler_TV,,"Regionalliga Suedwest, Regionalliga Nordost, Regionalliga West, Regionalliga Bayern, Regionalliga Nord",2026-27,2026–27 Regionalliga,,,none,no,,no second source for this division,"Wikidata gives it no league at all, none of them in data/league-tiers.csv, so the club query never sees it. Add a row to data/clubs-manual.csv",missing-from-wikidata
Q14118284,Eintracht Frankfurt II,DE,,,,,,,https://en.wikipedia.org/wiki/Eintracht_Frankfurt_II,,"Regionalliga Suedwest, Regionalliga Nordost, Regionalliga West, Regionalliga Bayern, Regionalliga Nord",2026-27,2026–27 Regionalliga,,,Q322128,yes,,no second source for this division,"Wikidata marks this club dissolved (P576) and the club query excludes dissolved clubs, so it can never reach the map. Either Wikidata is wrong or the league article is",missing-from-wikidata
Q325270,FC Astoria Walldorf,DE,,,,,,,https://en.wikipedia.org/wiki/FC_Astoria_Walldorf,,"Regionalliga Suedwest, Regionalliga Nordost, Regionalliga West, Regionalliga Bayern, Regionalliga Nord",2026-27,2026–27 Regionalliga,,,Q878642,no,,no second source for this division,"Wikidata gives it only leagues Q878642, none of them in data/league-tiers.csv, so the club query never sees it. Add a row to data/clubs-manual.csv",missing-from-wikidata
Q831602,FC Eintracht Norderstedt 03,DE,,,,,,,https://en.wikipedia.org/wiki/FC_Eintracht_Norderstedt_03,,"Regionalliga Suedwest, Regionalliga Nordost, Regionalliga West, Regionalliga Bayern, Regionalliga Nord",2026-27,2026–27 Regionalliga,,,Q317927,yes,,no second source for this division,"Wikidata gives it only leagues Q317927, none of them in data/league-tiers.csv, so the club query never sees it. Add a row to data/clubs-manual.csv",missing-from-wikidata
Q694464,FC Gütersloh 2000,DE,,,,,,,https://en.wikipedia.org/wiki/FC_G%C3%BCtersloh,,"Regionalliga Suedwest, Regionalliga Nordost, Regionalliga West, Regionalliga Bayern, Regionalliga Nord",2026-27,2026–27 Regionalliga,,,Q316113,yes,,no second source for this division,"Wikidata gives it only leagues Q316113, none of them in data/league-tiers.csv, so the club query never sees it. Add a row to data/clubs-manual.csv",missing-from-wikidata
Q479371,FSV 63 Luckenwalde,DE,,,,,,,https://en.wikipedia.org/wiki/FSV_63_Luckenwalde,,"Regionalliga Suedwest, Regionalliga Nordost, Regionalliga West, Regionalliga Bayern, Regionalliga Nord",2026-27,2026–27 Regionalliga,,,Q316686,no,,no second source for this division,"Wikidata gives it only leagues Q316686, none of them in data/league-tiers.csv, so the club query never sees it. Add a row to data/clubs-manual.csv",missing-from-wikidata
Q55364716,Greifswalder FC,DE,,,,,,,https://en.wikipedia.org/wiki/Greifswalder_FC,,"Regionalliga Suedwest, Regionalliga Nordost, Regionalliga West, Regionalliga Bayern, Regionalliga Nord",2026-27,2026–27 Regionalliga,,,none,yes,,no second source for this division,"Wikidata gives it no league at all, none of them in data/league-tiers.csv, so the club query never sees it. Add a row to data/clubs-manual.csv",missing-from-wikidata
Q1576328,Hannoverscher SC,DE,,,,,,,https://en.wikipedia.org/wiki/HSC_Hannover,,"Regionalliga Suedwest, Regionalliga Nordost, Regionalliga West, Regionalliga Bayern, Regionalliga Nord",2026-27,2026–27 Regionalliga,,,Q317868,no,,no second source for this division,"Wikidata gives it only leagues Q317868, none of them in data/league-tiers.csv, so the club query never sees it. Add a row to data/clubs-manual.csv",missing-from-wikidata
Q20631356,SC Freiburg II,DE,,,,,,,https://en.wikipedia.org/wiki/SC_Freiburg_II,,"Regionalliga Suedwest, Regionalliga Nordost, Regionalliga West, Regionalliga Bayern, Regionalliga Nord",2026-27,2026–27 Regionalliga,,,Q878642,yes,,no second source for this division,"Wikidata gives it only leagues Q878642, none of them in data/league-tiers.csv, so the club query never sees it. Add a row to data/clubs-manual.csv",missing-from-wikidata
Q524378,SG Wattenscheid 09,DE,,,,,,,https://en.wikipedia.org/wiki/SG_Wattenscheid_09,,"Regionalliga Suedwest, Regionalliga Nordost, Regionalliga West, Regionalliga Bayern, Regionalliga Nord",2026-27,2026–27 Regionalliga,,,Q316113,yes,,no second source for this division,"Wikidata gives it only leagues Q316113, none of them in data/league-tiers.csv, so the club query never sees it. Add a row to data/clubs-manual.csv",missing-from-wikidata
Q885184,SGV Freiberg,DE,,,,,,,https://en.wikipedia.org/wiki/SGV_Heilbronn-Freiberg,,"Regionalliga Suedwest, Regionalliga Nordost, Regionalliga West, Regionalliga Bayern, Regionalliga Nord",2026-27,2026–27 Regionalliga,,,Q878642,no,,no second source for this division,"Wikidata gives it only leagues Q878642, none of them in data/league-tiers.csv, so the club query never sees it. Add a row to data/clubs-manual.csv",missing-from-wikidata
Q30090061,SV Atlas Delmenhorst,DE,,,,,,,https://en.wikipedia.org/wiki/Atlas_Delmenhorst,,"Regionalliga Suedwest, Regionalliga Nordost, Regionalliga West, Regionalliga Bayern, Regionalliga Nord",2026-27,2026–27 Regionalliga,,,none,no,,no second source for this division,"Wikidata gives it no league at all, none of them in data/league-tiers.csv, so the club query never sees it. Add a row to data/clubs-manual.csv",missing-from-wikidata
Q1425370,SV Drochtersen/Assel,DE,,,,,,,https://en.wikipedia.org/wiki/SV_Drochtersen/Assel,,"Regionalliga Suedwest, Regionalliga Nordost, Regionalliga West, Regionalliga Bayern, Regionalliga Nord",2026-27,2026–27 Regionalliga,,,Q317868,no,,no second source for this division,"Wikidata gives it only leagues Q317868, none of them in data/league-tiers.csv, so the club query never sees it. Add a row to data/clubs-manual.csv",missing-from-wikidata
Q885187,SpVgg Ansbach,DE,,,,,,,https://en.wikipedia.org/wiki/SpVgg_Ansbach,,"Regionalliga Suedwest, Regionalliga Nordost, Regionalliga West, Regionalliga Bayern, Regionalliga Nord",2026-27,2026–27 Regionalliga,,,Q15735,no,,no second source for this division,"Wikidata gives it only leagues Q15735, none of them in data/league-tiers.csv, so the club query never sees it. Add a row to data/clubs-manual.csv",missing-from-wikidata
Q526949,SpVgg Bayreuth,DE,,,,,,,https://en.wikipedia.org/wiki/SpVgg_Bayreuth,,"Regionalliga Suedwest, Regionalliga Nordost, Regionalliga West, Regionalliga Bayern, Regionalliga Nord",2026-27,2026–27 Regionalliga,,,Q15735,yes,,no second source for this division,"Wikidata gives it only leagues Q15735, none of them in data/league-tiers.csv, so the club query never sees it. Add a row to data/clubs-manual.csv",missing-from-wikidata
Q1507157,TSV Aubstadt,DE,,,,,,,https://en.wikipedia.org/wiki/TSV_Aubstadt,,"Regionalliga Suedwest, Regionalliga Nordost, Regionalliga West, Regionalliga Bayern, Regionalliga Nord",2026-27,2026–27 Regionalliga,,,Q20028073,no,,no second source for this division,"Wikidata gives it only leagues Q20028073, none of them in data/league-tiers.csv, so the club query never sees it. Add a row to data/clubs-manual.csv",missing-from-wikidata
Q2802618,TSV Landsberg,DE,,,,,,,https://en.wikipedia.org/wiki/TSV_Landsberg,,"Regionalliga Suedwest, Regionalliga Nordost, Regionalliga West, Regionalliga Bayern, Regionalliga Nord",2026-27,2026–27 Regionalliga,,,none,no,,no second source for this division,"Wikidata gives it no league at all, none of them in data/league-tiers.csv, so the club query never sees it. Add a row to data/clubs-manual.csv",missing-from-wikidata
Q529579,TSV Schwaben Augsburg,DE,,,,,,,https://en.wikipedia.org/wiki/TSV_Schwaben_Augsburg,,"Regionalliga Suedwest, Regionalliga Nordost, Regionalliga West, Regionalliga Bayern, Regionalliga Nord",2026-27,2026–27 Regionalliga,,,Q1477024,yes,,no second source for this division,"Wikidata gives it only leagues Q1477024, none of them in data/league-tiers.csv, so the club query never sees it. Add a row to data/clubs-manual.csv",missing-from-wikidata
Q445897,VSG Altglienicke,DE,,,,,,,https://en.wikipedia.org/wiki/VSG_Altglienicke,,"Regionalliga Suedwest, Regionalliga Nordost, Regionalliga West, Regionalliga Bayern, Regionalliga Nord",2026-27,2026–27 Regionalliga,,,Q316686,no,,no second source for this division,"Wikidata gives it only leagues Q316686, none of them in data/league-tiers.csv, so the club query never sees it. Add a row to data/clubs-manual.csv",missing-from-wikidata
Q7924284,VfL Bochum II,DE,,,,,,,https://en.wikipedia.org/wiki/VfL_Bochum_II,,"Regionalliga Suedwest, Regionalliga Nordost, Regionalliga West, Regionalliga Bayern, Regionalliga Nord",2026-27,2026–27 Regionalliga,,,Q2188121,yes,,no second source for this division,"Wikidata marks this club dissolved (P576) and the club query excludes dissolved clubs, so it can never reach the map. Either Wikidata is wrong or the league article is",missing-from-wikidata
Q666179,VfR Mannheim,DE,,,,,,,https://en.wikipedia.org/wiki/VfR_Mannheim,,"Regionalliga Suedwest, Regionalliga Nordost, Regionalliga West, Regionalliga Bayern, Regionalliga Nord",2026-27,2026–27 Regionalliga,,,Q878642,yes,,no second source for this division,"Wikidata gives it only leagues Q878642, none of them in data/league-tiers.csv, so the club query never sees it. Add a row to data/clubs-manual.csv",missing-from-wikidata
Q823142,Westfalia Rhynern,DE,,,,,,,https://en.wikipedia.org/wiki/Westfalia_Rhynern,,"Regionalliga Suedwest, Regionalliga Nordost, Regionalliga West, Regionalliga Bayern, Regionalliga Nord",2026-27,2026–27 Regionalliga,,,Q316113,no,,no second source for this division,"Wikidata gives it only leagues Q316113, none of them in data/league-tiers.csv, so the club query never sees it. Add a row to data/clubs-manual.csv",missing-from-wikidata
Q155730,1. FC Magdeburg,DE,,,,,,,https://en.wikipedia.org/wiki/1._FC_Magdeburg_II,,"Regionalliga Suedwest, Regionalliga Nordost, Regionalliga West, Regionalliga Bayern, Regionalliga Nord",2026-27,2026–27 Regionalliga,,2,Q152665,yes,,no second source for this division,the league lists it at tier 4 and the map has it at tier 2 in DE - most likely a P118 left over from last season. Put 4 in the tier cell of data/clubs-manual.csv,wrong-tier
Q6463,FC St. Pauli,DE,,,,,,,https://en.wikipedia.org/wiki/FC_St._Pauli_II,,"Regionalliga Suedwest, Regionalliga Nordost, Regionalliga West, Regionalliga Bayern, Regionalliga Nord",2026-27,2026–27 Regionalliga,,2,Q152665 Q82595,yes,,no second source for this division,the league lists it at tier 4 and the map has it at tier 2 in DE - most likely a P118 left over from last season. Put 4 in the tier cell of data/clubs-manual.csv,wrong-tier
Q160532,SC Paderborn 07,DE,,,,,,,https://en.wikipedia.org/wiki/SC_Paderborn_07_II,,"Regionalliga Suedwest, Regionalliga Nordost, Regionalliga West, Regionalliga Bayern, Regionalliga Nord",2026-27,2026–27 Regionalliga,,1,Q152665 Q82595,yes,,no second source for this division,the league lists it at tier 4 and the map has it at tier 1 in DE - most likely a P118 left over from last season. Put 4 in the tier cell of data/clubs-manual.csv,wrong-tier
Q797022,BSV Rehden,DE,,,,,,,,,"Regionalliga Suedwest, Regionalliga Nordost, Regionalliga West, Regionalliga Bayern, Regionalliga Nord",2026-27,2026–27 Regionalliga,,4,Q539678,yes,,no second source for this division,"the map has this club at this tier and the league does not list it. Either its P118 is stale and it belongs at another tier, or the league article links it under a title the sitelink hop did not resolve",extra-not-in-roster
Q176850,Bahlinger SC,DE,,,,,,,,,"Regionalliga Suedwest, Regionalliga Nordost, Regionalliga West, Regionalliga Bayern, Regionalliga Nord",2026-27,2026–27 Regionalliga,,4,Q322128,yes,,no second source for this division,"the map has this club at this tier and the league does not list it. Either its P118 is stale and it belongs at another tier, or the league article links it under a title the sitelink hop did not resolve",extra-not-in-roster
Q16536906,Bayer 04 Leverkusen II,DE,,,,,,,,,"Regionalliga Suedwest, Regionalliga Nordost, Regionalliga West, Regionalliga Bayern, Regionalliga Nord",2026-27,2026–27 Regionalliga,,4,Q555836,yes,,no second source for this division,"the map has this club at this tier and the league does not list it. Either its P118 is stale and it belongs at another tier, or the league article links it under a title the sitelink hop did not resolve",extra-not-in-roster
Q692704,Berliner AK 07,DE,,,,,,,,,"Regionalliga Suedwest, Regionalliga Nordost, Regionalliga West, Regionalliga Bayern, Regionalliga Nord",2026-27,2026–27 Regionalliga,,4,Q548937,yes,,no second source for this division,"the map has this club at this tier and the league does not list it. Either its P118 is stale and it belongs at another tier, or the league article links it under a title the sitelink hop did not resolve",extra-not-in-roster
Q16559523,Eintracht Braunschweig II,DE,,,,,,,,,"Regionalliga Suedwest, Regionalliga Nordost, Regionalliga West, Regionalliga Bayern, Regionalliga Nord",2026-27,2026–27 Regionalliga,,4,Q539678,yes,,no second source for this division,"the map has this club at this tier and the league does not list it. Either its P118 is stale and it belongs at another tier, or the league article links it under a title the sitelink hop did not resolve",extra-not-in-roster
Q666000,FC Bayern Alzenau,DE,,,,,,,,,"Regionalliga Suedwest, Regionalliga Nordost, Regionalliga West, Regionalliga Bayern, Regionalliga Nord",2026-27,2026–27 Regionalliga,,4,Q322128,yes,,no second source for this division,"the map has this club at this tier and the league does not list it. Either its P118 is stale and it belongs at another tier, or the league article links it under a title the sitelink hop did not resolve",extra-not-in-roster
Q5424977,FC Ingolstadt 04 II,DE,,,,,,,,,"Regionalliga Suedwest, Regionalliga Nordost, Regionalliga West, Regionalliga Bayern, Regionalliga Nord",2026-27,2026–27 Regionalliga,,4,Q340179,yes,,no second source for this division,"the map has this club at this tier and the league does not list it. Either its P118 is stale and it belongs at another tier, or the league article links it under a title the sitelink hop did not resolve",extra-not-in-roster
Q831887,FC Ismaning,DE,,,,,,,,,"Regionalliga Suedwest, Regionalliga Nordost, Regionalliga West, Regionalliga Bayern, Regionalliga Nord",2026-27,2026–27 Regionalliga,,4,Q340179,yes,,no second source for this division,"the map has this club at this tier and the league does not list it. Either its P118 is stale and it belongs at another tier, or the league article links it under a title the sitelink hop did not resolve",extra-not-in-roster
Q1387417,FC Oberlausitz Neugersdorf,DE,,,,,,,,,"Regionalliga Suedwest, Regionalliga Nordost, Regionalliga West, Regionalliga Bayern, Regionalliga Nord",2026-27,2026–27 Regionalliga,,4,Q548937,yes,,no second source for this division,"the map has this club at this tier and the league does not list it. Either its P118 is stale and it belongs at another tier, or the league article links it under a title the sitelink hop did not resolve",extra-not-in-roster
Q13426883,FC Viktoria 1889 Berlin,DE,,,,,,,,,"Regionalliga Suedwest, Regionalliga Nordost, Regionalliga West, Regionalliga Bayern, Regionalliga Nord",2026-27,2026–27 Regionalliga,,4,Q548937,yes,,no second source for this division,"the map has this club at this tier and the league does not list it. Either its P118 is stale and it belongs at another tier, or the league article links it under a title the sitelink hop did not resolve",extra-not-in-roster
Q566165,FSV Optik Rathenow,DE,,,,,,,,,"Regionalliga Suedwest, Regionalliga Nordost, Regionalliga West, Regionalliga Bayern, Regionalliga Nord",2026-27,2026–27 Regionalliga,,4,Q548937,yes,,no second source for this division,"the map has this club at this tier and the league does not list it. Either its P118 is stale and it belongs at another tier, or the league article links it under a title the sitelink hop did not resolve",extra-not-in-roster
Q1514109,Germania Egestorf,DE,,,,,,,,,"Regionalliga Suedwest, Regionalliga Nordost, Regionalliga West, Regionalliga Bayern, Regionalliga Nord",2026-27,2026–27 Regionalliga,,4,Q539678,yes,,no second source for this division,"the map has this club at this tier and the league does not list it. Either its P118 is stale and it belongs at another tier, or the league article links it under a title the sitelink hop did not resolve",extra-not-in-roster
Q639472,Goslarer SC 08,DE,,,,,,,,,"Regionalliga Suedwest, Regionalliga Nordost, Regionalliga West, Regionalliga Bayern, Regionalliga Nord",2026-27,2026–27 Regionalliga,,4,Q539678,yes,,no second source for this division,"the map has this club at this tier and the league does not list it. Either its P118 is stale and it belongs at another tier, or the league article links it under a title the sitelink hop did not resolve",extra-not-in-roster
Q20994272,RB Leipzig II,DE,,,,,,,,,"Regionalliga Suedwest, Regionalliga Nordost, Regionalliga West, Regionalliga Bayern, Regionalliga Nord",2026-27,2026–27 Regionalliga,,4,Q548937,yes,,no second source for this division,"the map has this club at this tier and the league does not list it. Either its P118 is stale and it belongs at another tier, or the league article links it under a title the sitelink hop did not resolve",extra-not-in-roster
Q566172,SC 07 Idar-Oberstein,DE,,,,,,,,,"Regionalliga Suedwest, Regionalliga Nordost, Regionalliga West, Regionalliga Bayern, Regionalliga Nord",2026-27,2026–27 Regionalliga,,4,Q322128,yes,,no second source for this division,"the map has this club at this tier and the league does not list it. Either its P118 is stale and it belongs at another tier, or the league article links it under a title the sitelink hop did not resolve",extra-not-in-roster
Q666024,SC Pfullendorf,DE,,,,,,,,,"Regionalliga Suedwest, Regionalliga Nordost, Regionalliga West, Regionalliga Bayern, Regionalliga Nord",2026-27,2026–27 Regionalliga,,4,Q322128,yes,,no second source for this division,"the map has this club at this tier and the league does not list it. Either its P118 is stale and it belongs at another tier, or the league article links it under a title the sitelink hop did not resolve",extra-not-in-roster
Q566141,SSVg Velbert,DE,,,,,,,,,"Regionalliga Suedwest, Regionalliga Nordost, Regionalliga West, Regionalliga Bayern, Regionalliga Nord",2026-27,2026–27 Regionalliga,,4,Q555836,yes,,no second source for this division,"the map has this club at this tier and the league does not list it. Either its P118 is stale and it belongs at another tier, or the league article links it under a title the sitelink hop did not resolve",extra-not-in-roster
Q2208389,SV Eichede,DE,,,,,,,,,"Regionalliga Suedwest, Regionalliga Nordost, Regionalliga West, Regionalliga Bayern, Regionalliga Nord",2026-27,2026–27 Regionalliga,,4,Q539678,yes,,no second source for this division,"the map has this club at this tier and the league does not list it. Either its P118 is stale and it belongs at another tier, or the league article links it under a title the sitelink hop did not resolve",extra-not-in-roster
Q324983,SV Heimstetten,DE,,,,,,,,,"Regionalliga Suedwest, Regionalliga Nordost, Regionalliga West, Regionalliga Bayern, Regionalliga Nord",2026-27,2026–27 Regionalliga,,4,Q340179,yes,,no second source for this division,"the map has this club at this tier and the league does not list it. Either its P118 is stale and it belongs at another tier, or the league article links it under a title the sitelink hop did not resolve",extra-not-in-roster
Q175616,SV Seligenporten,DE,,,,,,,,,"Regionalliga Suedwest, Regionalliga Nordost, Regionalliga West, Regionalliga Bayern, Regionalliga Nord",2026-27,2026–27 Regionalliga,,4,Q340179,yes,,no second source for this division,"the map has this club at this tier and the league does not list it. Either its P118 is stale and it belongs at another tier, or the league article links it under a title the sitelink hop did not resolve",extra-not-in-roster
Q176168,TSG Neustrelitz,DE,,,,,,,,,"Regionalliga Suedwest, Regionalliga Nordost, Regionalliga West, Regionalliga Bayern, Regionalliga Nord",2026-27,2026–27 Regionalliga,,4,Q548937,yes,,no second source for this division,"the map has this club at this tier and the league does not list it. Either its P118 is stale and it belongs at another tier, or the league article links it under a title the sitelink hop did not resolve",extra-not-in-roster
Q479340,TSV 1896 Rain,DE,,,,,,,,,"Regionalliga Suedwest, Regionalliga Nordost, Regionalliga West, Regionalliga Bayern, Regionalliga Nord",2026-27,2026–27 Regionalliga,,4,Q340179,yes,,no second source for this division,"the map has this club at this tier and the league does not list it. Either its P118 is stale and it belongs at another tier, or the league article links it under a title the sitelink hop did not resolve",extra-not-in-roster
Q155452,TuS Koblenz,DE,,,,,,,,,"Regionalliga Suedwest, Regionalliga Nordost, Regionalliga West, Regionalliga Bayern, Regionalliga Nord",2026-27,2026–27 Regionalliga,,4,Q322128,yes,,no second source for this division,"the map has this club at this tier and the league does not list it. Either its P118 is stale and it belongs at another tier, or the league article links it under a title the sitelink hop did not resolve",extra-not-in-roster
Q700029,VFC Plauen,DE,,,,,,,,,"Regionalliga Suedwest, Regionalliga Nordost, Regionalliga West, Regionalliga Bayern, Regionalliga Nord",2026-27,2026–27 Regionalliga,,4,Q548937,yes,,no second source for this division,"the map has this club at this tier and the league does not list it. Either its P118 is stale and it belongs at another tier, or the league article links it under a title the sitelink hop did not resolve",extra-not-in-roster
Q479366,VfB Auerbach,DE,,,,,,,,,"Regionalliga Suedwest, Regionalliga Nordost, Regionalliga West, Regionalliga Bayern, Regionalliga Nord",2026-27,2026–27 Regionalliga,,4,Q548937,yes,,no second source for this division,"the map has this club at this tier and the league does not list it. Either its P118 is stale and it belongs at another tier, or the league article links it under a title the sitelink hop did not resolve",extra-not-in-roster
Q639419,VfB Germania Halberstadt,DE,,,,,,,,,"Regionalliga Suedwest, Regionalliga Nordost, Regionalliga West, Regionalliga Bayern, Regionalliga Nord",2026-27,2026–27 Regionalliga,,4,Q548937,yes,,no second source for this division,"the map has this club at this tier and the league does not list it. Either its P118 is stale and it belongs at another tier, or the league article links it under a title the sitelink hop did not resolve",extra-not-in-roster
Q16645947,VfL Wolfsburg II,DE,,,,,,,,,"Regionalliga Suedwest, Regionalliga Nordost, Regionalliga West, Regionalliga Bayern, Regionalliga Nord",2026-27,2026–27 Regionalliga,,4,Q539678,yes,,no second source for this division,"the map has this club at this tier and the league does not list it. Either its P118 is stale and it belongs at another tier, or the league article links it under a title the sitelink hop did not resolve",extra-not-in-roster
Q639506,VfR Neumünster,DE,,,,,,,,,"Regionalliga Suedwest, Regionalliga Nordost, Regionalliga West, Regionalliga Bayern, Regionalliga Nord",2026-27,2026–27 Regionalliga,,4,Q539678,yes,,no second source for this division,"the map has this club at this tier and the league does not list it. Either its P118 is stale and it belongs at another tier, or the league article links it under a title the sitelink hop did not resolve",extra-not-in-roster
Q819419,Wormatia Worms,DE,,,,,,,,,"Regionalliga Suedwest, Regionalliga Nordost, Regionalliga West, Regionalliga Bayern, Regionalliga Nord",2026-27,2026–27 Regionalliga,,4,Q322128,yes,,no second source for this division,"the map has this club at this tier and the league does not list it. Either its P118 is stale and it belongs at another tier, or the league article links it under a title the sitelink hop did not resolve",extra-not-in-roster
Q170157,Wuppertaler SV,DE,,,,,,,,,"Regionalliga Suedwest, Regionalliga Nordost, Regionalliga West, Regionalliga Bayern, Regionalliga Nord",2026-27,2026–27 Regionalliga,,4,Q555836,yes,,no second source for this division,"the map has this club at this tier and the league does not list it. Either its P118 is stale and it belongs at another tier, or the league article links it under a title the sitelink hop did not resolve",extra-not-in-roster
Q136089,ZFC Meuselwitz,DE,,,,,,,,,"Regionalliga Suedwest, Regionalliga Nordost, Regionalliga West, Regionalliga Bayern, Regionalliga Nord",2026-27,2026–27 Regionalliga,,4,Q548937,yes,,no second source for this division,"the map has this club at this tier and the league does not list it. Either its P118 is stale and it belongs at another tier, or the league article links it under a title the sitelink hop did not resolve",extra-not-in-roster
Q16525407,1. FC Kaiserslautern II,DE,,,,,,,https://en.wikipedia.org/wiki/1._FC_Kaiserslautern_II,,"Regionalliga Suedwest, Regionalliga Nordost, Regionalliga West, Regionalliga Bayern, Regionalliga Nord",2026-27,2026–27 Regionalliga,,4,Q322128,yes,,no second source for this division,in the division and on the map at this tier,ok
Q15972883,1. FC Köln II,DE,,,,,,,https://en.wikipedia.org/wiki/1._FC_K%C3%B6ln_II,,"Regionalliga Suedwest, Regionalliga Nordost, Regionalliga West, Regionalliga Bayern, Regionalliga Nord",2026-27,2026–27 Regionalliga,,4,Q555836,no,,no second source for this division,in the division and on the map at this tier,ok
Q162317,1. FC Lokomotive Leipzig,DE,,,,,,,https://en.wikipedia.org/wiki/1._FC_Lokomotive_Leipzig,,"Regionalliga Suedwest, Regionalliga Nordost, Regionalliga West, Regionalliga Bayern, Regionalliga Nord",2026-27,2026–27 Regionalliga,,4,Q548937,yes,,no second source for this division,in the division and on the map at this tier,ok
Q4545849,1. FC Nürnberg II,DE,,,,,,,https://en.wikipedia.org/wiki/1._FC_N%C3%BCrnberg_II,,"Regionalliga Suedwest, Regionalliga Nordost, Regionalliga West, Regionalliga Bayern, Regionalliga Nord",2026-27,2026–27 Regionalliga,,4,Q340179,no,,no second source for this division,in the division and on the map at this tier,ok
Q16525419,1. FSV Mainz 05 II,DE,,,,,,,https://en.wikipedia.org/wiki/1._FSV_Mainz_05_II,,"Regionalliga Suedwest, Regionalliga Nordost, Regionalliga West, Regionalliga Bayern, Regionalliga Nord",2026-27,2026–27 Regionalliga,,4,Q154069,yes,,no second source for this division,in the division and on the map at this tier,ok
Q159930,BFC Dynamo,DE,,,,,,,https://en.wikipedia.org/wiki/Berliner_FC_Dynamo,,"Regionalliga Suedwest, Regionalliga Nordost, Regionalliga West, Regionalliga Bayern, Regionalliga Nord",2026-27,2026–27 Regionalliga,,4,Q548937,yes,,no second source for this division,in the division and on the map at this tier,ok
Q1921747,BSG Chemie Leipzig,DE,,,,,,,https://en.wikipedia.org/wiki/BSG_Chemie_Leipzig_%281997%29,,"Regionalliga Suedwest, Regionalliga Nordost, Regionalliga West, Regionalliga Bayern, Regionalliga Nord",2026-27,2026–27 Regionalliga,,4,Q1477042 Q548937 Q6954881,yes,,no second source for this division,in the division and on the map at this tier,ok
Q568276,Bonner SC,DE,,,,,,,https://en.wikipedia.org/wiki/Bonner_SC,,"Regionalliga Suedwest, Regionalliga Nordost, Regionalliga West, Regionalliga Bayern, Regionalliga Nord",2026-27,2026–27 Regionalliga,,4,Q555836,yes,,no second source for this division,in the division and on the map at this tier,ok
Q865720,Borussia Dortmund II,DE,,,,,,,https://en.wikipedia.org/wiki/Borussia_Dortmund_II,,"Regionalliga Suedwest, Regionalliga Nordost, Regionalliga West, Regionalliga Bayern, Regionalliga Nord",2026-27,2026–27 Regionalliga,,4,Q154069 Q555836,yes,,no second source for this division,in the division and on the map at this tier,ok
Q13397712,Borussia Mönchengladbach II,DE,,,,,,,https://en.wikipedia.org/wiki/Borussia_M%C3%B6nchengladbach_II,,"Regionalliga Suedwest, Regionalliga Nordost, Regionalliga West, Regionalliga Bayern, Regionalliga Nord",2026-27,2026–27 Regionalliga,,4,Q555836,no,,no second source for this division,in the division and on the map at this tier,ok
Q161554,Chemnitzer FC,DE,,,,,,,https://en.wikipedia.org/wiki/Chemnitzer_FC,,"Regionalliga Suedwest, Regionalliga Nordost, Regionalliga West, Regionalliga Bayern, Regionalliga Nord",2026-27,2026–27 Regionalliga,,4,Q548937,yes,,no second source for this division,in the division and on the map at this tier,ok
Q17321080,DJK Vilzing,DE,,,,,,,https://en.wikipedia.org/wiki/DJK_Vilzing,,"Regionalliga Suedwest, Regionalliga Nordost, Regionalliga West, Regionalliga Bayern, Regionalliga Nord",2026-27,2026–27 Regionalliga,,4,Q340179,no,,no second source for this division,in the division and on the map at this tier,ok
Q831867,ETSV Weiche,DE,,,,,,,https://en.wikipedia.org/wiki/SC_Weiche_Flensburg_08,,"Regionalliga Suedwest, Regionalliga Nordost, Regionalliga West, Regionalliga Bayern, Regionalliga Nord",2026-27,2026–27 Regionalliga,,4,Q539678,no,,no second source for this division,in the division and on the map at this tier,ok
Q137499,FC 08 Homburg,DE,,,,,,,https://en.wikipedia.org/wiki/FC_08_Homburg,,"Regionalliga Suedwest, Regionalliga Nordost, Regionalliga West, Regionalliga Bayern, Regionalliga Nord",2026-27,2026–27 Regionalliga,,4,Q322128,yes,,no second source for this division,in the division and on the map at this tier,ok
Q5424829,FC Augsburg II,DE,,,,,,,https://en.wikipedia.org/wiki/FC_Augsburg_II,,"Regionalliga Suedwest, Regionalliga Nordost, Regionalliga West, Regionalliga Bayern, Regionalliga Nord",2026-27,2026–27 Regionalliga,,4,Q340179,no,,no second source for this division,in the division and on the map at this tier,ok
Q994701,FC Bayern Munich II,DE,,,,,,,https://en.wikipedia.org/wiki/FC_Bayern_Munich_II,,"Regionalliga Suedwest, Regionalliga Nordost, Regionalliga West, Regionalliga Bayern, Regionalliga Nord",2026-27,2026–27 Regionalliga,,4,Q340179,yes,,no second source for this division,in the division and on the map at this tier,ok
Q155186,FC Carl Zeiss Jena,DE,,,,,,,https://en.wikipedia.org/wiki/FC_Carl_Zeiss_Jena,,"Regionalliga Suedwest, Regionalliga Nordost, Regionalliga West, Regionalliga Bayern, Regionalliga Nord",2026-27,2026–27 Regionalliga,,4,Q548937,yes,,no second source for this division,in the division and on the map at this tier,ok
Q97927365,FC Erzgebirge Aue,DE,,,,,,,https://en.wikipedia.org/wiki/FC_Erzgebirge_Aue,,"Regionalliga Suedwest, Regionalliga Nordost, Regionalliga West, Regionalliga Bayern, Regionalliga Nord",2026-27,2026–27 Regionalliga,,4,none,yes,,no second source for this division,"in the division and on the map at this tier, as Q97927365: the article links Q141882, and Q97927365 - the item on the map - names Q141882 as its parent club (P831). One club with a club item and a men's-team item, joined id to id rather than by name",ok
Q566136,FC Memmingen,DE,,,,,,,https://en.wikipedia.org/wiki/FC_Memmingen,,"Regionalliga Suedwest, Regionalliga Nordost, Regionalliga West, Regionalliga Bayern, Regionalliga Nord",2026-27,2026–27 Regionalliga,,4,Q340179,yes,,no second source for this division,in the division and on the map at this tier,ok
Q170107,FC Rot-Weiß Erfurt,DE,,,,,,,https://en.wikipedia.org/wiki/FC_Rot-Wei%C3%9F_Erfurt,,"Regionalliga Suedwest, Regionalliga Nordost, Regionalliga West, Regionalliga Bayern, Regionalliga Nord",2026-27,2026–27 Regionalliga,,4,Q548937,yes,,no second source for this division,in the division and on the map at this tier,ok
Q3736767,FC Schalke 04 II,DE,,,,,,,https://en.wikipedia.org/wiki/FC_Schalke_04_II,,"Regionalliga Suedwest, Regionalliga Nordost, Regionalliga West, Regionalliga Bayern, Regionalliga Nord",2026-27,2026–27 Regionalliga,,4,Q555836,no,,no second source for this division,in the division and on the map at this tier,ok
Q157352,FSV Frankfurt,DE,,,,,,,https://en.wikipedia.org/wiki/FSV_Frankfurt,,"Regionalliga Suedwest, Regionalliga Nordost, Regionalliga West, Regionalliga Bayern, Regionalliga Nord",2026-27,2026–27 Regionalliga,,4,Q152665 Q322128,yes,,no second source for this division,in the division and on the map at this tier,ok
Q316896,FSV Zwickau,DE,,,,,,,https://en.wikipedia.org/wiki/FSV_Zwickau,,"Regionalliga Suedwest, Regionalliga Nordost, Regionalliga West, Regionalliga Bayern, Regionalliga Nord",2026-27,2026–27 Regionalliga,,4,Q548937,yes,,no second source for this division,in the division and on the map at this tier,ok
Q479321,FV Illertissen,DE,,,,,,,https://en.wikipedia.org/wiki/FV_Illertissen,,"Regionalliga Suedwest, Regionalliga Nordost, Regionalliga West, Regionalliga Bayern, Regionalliga Nord",2026-27,2026–27 Regionalliga,,4,Q340179,no,,no second source for this division,in the division and on the map at this tier,ok
Q316855,Hallescher FC,DE,,,,,,,https://en.wikipedia.org/wiki/Hallescher_FC,,"Regionalliga Suedwest, Regionalliga Nordost, Regionalliga West, Regionalliga Bayern, Regionalliga Nord",2026-27,2026–27 Regionalliga,,4,Q154069,yes,,no second source for this division,in the division and on the map at this tier,ok
Q5644342,Hamburger SV II,DE,,,,,,,https://en.wikipedia.org/wiki/Hamburger_SV_II,,"Regionalliga Suedwest, Regionalliga Nordost, Regionalliga West, Regionalliga Bayern, Regionalliga Nord",2026-27,2026–27 Regionalliga,,4,Q539678,yes,,no second source for this division,in the division and on the map at this tier,ok
Q16573990,Hannover 96 II,DE,,,,,,,https://en.wikipedia.org/wiki/Hannover_96_II,,"Regionalliga Suedwest, Regionalliga Nordost, Regionalliga West, Regionalliga Bayern, Regionalliga Nord",2026-27,2026–27 Regionalliga,,4,Q539678,yes,,no second source for this division,in the division and on the map at this tier,ok
Q920263,Hertha BSC II,DE,,,,,,,https://en.wikipedia.org/wiki/Hertha_BSC_II,,"Regionalliga Suedwest, Regionalliga Nordost, Regionalliga West, Regionalliga Bayern, Regionalliga Nord",2026-27,2026–27 Regionalliga,,4,Q548937,no,,no second source for this division,in the division and on the map at this tier,ok
Q819354,KSV Hessen Kassel,DE,,,,,,,https://en.wikipedia.org/wiki/KSV_Hessen_Kassel,,"Regionalliga Suedwest, Regionalliga Nordost, Regionalliga West, Regionalliga Bayern, Regionalliga Nord",2026-27,2026–27 Regionalliga,,4,Q322128,yes,,no second source for this division,in the division and on the map at this tier,ok
Q319167,Kickers Emden,DE,,,,,,,https://en.wikipedia.org/wiki/Kickers_Emden,,"Regionalliga Suedwest, Regionalliga Nordost, Regionalliga West, Regionalliga Bayern, Regionalliga Nord",2026-27,2026–27 Regionalliga,,4,Q539678,yes,,no second source for this division,in the division and on the map at this tier,ok
Q159936,Kickers Offenbach,DE,,,,,,,https://en.wikipedia.org/wiki/Kickers_Offenbach,,"Regionalliga Suedwest, Regionalliga Nordost, Regionalliga West, Regionalliga Bayern, Regionalliga Nord",2026-27,2026–27 Regionalliga,,4,Q322128,yes,,no second source for this division,in the division and on the map at this tier,ok
Q157020,Rot-Weiß Oberhausen,DE,,,,,,,https://en.wikipedia.org/wiki/Rot-Wei%C3%9F_Oberhausen,,"Regionalliga Suedwest, Regionalliga Nordost, Regionalliga West, Regionalliga Bayern, Regionalliga Nord",2026-27,2026–27 Regionalliga,,4,Q555836,yes,,no second source for this division,in the division and on the map at this tier,ok
Q821096,SC Eltersdorf,DE,,,,,,,https://en.wikipedia.org/wiki/SC_Eltersdorf,,"Regionalliga Suedwest, Regionalliga Nordost, Regionalliga West, Regionalliga Bayern, Regionalliga Nord",2026-27,2026–27 Regionalliga,,4,Q340179,yes,,no second source for this division,in the division and on the map at this tier,ok
Q479269,SC Wiedenbrück,DE,,,,,,,https://en.wikipedia.org/wiki/SC_Wiedenbr%C3%BCck,,"Regionalliga Suedwest, Regionalliga Nordost, Regionalliga West, Regionalliga Bayern, Regionalliga Nord",2026-27,2026–27 Regionalliga,,4,Q555836,yes,,no second source for this division,in the division and on the map at this tier,ok
Q15849956,SG Barockstadt Fulda-Lehnerz,DE,,,,,,,https://en.wikipedia.org/wiki/SG_Barockstadt_Fulda-Lehnerz,,"Regionalliga Suedwest, Regionalliga Nordost, Regionalliga West, Regionalliga Bayern, Regionalliga Nord",2026-27,2026–27 Regionalliga,,4,Q322128,no,,no second source for this division,in the division and on the map at this tier,ok
Q2207914,SSV Jeddeloh,DE,,,,,,,https://en.wikipedia.org/wiki/SSV_Jeddeloh,,"Regionalliga Suedwest, Regionalliga Nordost, Regionalliga West, Regionalliga Bayern, Regionalliga Nord",2026-27,2026–27 Regionalliga,,4,Q539678,no,,no second source for this division,in the division and on the map at this tier,ok
Q14551982,SSV Ulm 1846 Fußball,DE,,,,,,,https://en.wikipedia.org/wiki/SSV_Ulm_1846,,"Regionalliga Suedwest, Regionalliga Nordost, Regionalliga West, Regionalliga Bayern, Regionalliga Nord",2026-27,2026–27 Regionalliga,,4,Q152665 Q154069,yes,,no second source for this division,in the division and on the map at this tier,ok
Q97927380,SV Babelsberg 03,DE,,,,,,,https://en.wikipedia.org/wiki/SV_Babelsberg_03,,"Regionalliga Suedwest, Regionalliga Nordost, Regionalliga West, Regionalliga Bayern, Regionalliga Nord",2026-27,2026–27 Regionalliga,,4,none,yes,,no second source for this division,"in the division and on the map at this tier, as Q97927380: the article links Q571553, and Q97927380 - the item on the map - names Q571553 as its parent club (P831). One club with a club item and a men's-team item, joined id to id rather than by name",ok
Q493464,SV Bergisch Gladbach 09,DE,,,,,,,https://en.wikipedia.org/wiki/SV_Bergisch_Gladbach_09,,"Regionalliga Suedwest, Regionalliga Nordost, Regionalliga West, Regionalliga Bayern, Regionalliga Nord",2026-27,2026–27 Regionalliga,,4,Q555836,yes,,no second source for this division,in the division and on the map at this tier,ok
Q647893,SV Eintracht Trier 05,DE,,,,,,,https://en.wikipedia.org/wiki/SV_Eintracht_Trier_05,,"Regionalliga Suedwest, Regionalliga Nordost, Regionalliga West, Regionalliga Bayern, Regionalliga Nord",2026-27,2026–27 Regionalliga,,4,Q322128,yes,,no second source for this division,in the division and on the map at this tier,ok
Q15843660,SV Rödinghausen,DE,,,,,,,https://en.wikipedia.org/wiki/SV_R%C3%B6dinghausen,,"Regionalliga Suedwest, Regionalliga Nordost, Regionalliga West, Regionalliga Bayern, Regionalliga Nord",2026-27,2026–27 Regionalliga,,4,Q555836,no,,no second source for this division,in the division and on the map at this tier,ok
Q639525,SV Sandhausen,DE,,,,,,,https://en.wikipedia.org/wiki/SV_Sandhausen,,"Regionalliga Suedwest, Regionalliga Nordost, Regionalliga West, Regionalliga Bayern, Regionalliga Nord",2026-27,2026–27 Regionalliga,,4,Q152665 Q154069 Q322128,yes,,no second source for this division,in the division and on the map at this tier,ok
Q1565781,SV Tasmania Berlin,DE,,,,,,,https://en.wikipedia.org/wiki/SV_Tasmania_Berlin,,"Regionalliga Suedwest, Regionalliga Nordost, Regionalliga West, Regionalliga Bayern, Regionalliga Nord",2026-27,2026–27 Regionalliga,,4,Q548937 Q821097,yes,,no second source for this division,in the division and on the map at this tier,ok
Q161034,SV Wacker Burghausen,DE,,,,,,,https://en.wikipedia.org/wiki/SV_Wacker_Burghausen,,"Regionalliga Suedwest, Regionalliga Nordost, Regionalliga West, Regionalliga Bayern, Regionalliga Nord",2026-27,2026–27 Regionalliga,,4,Q154069,yes,,no second source for this division,in the division and on the map at this tier,ok
Q4107588,SV Werder Bremen II,DE,,,,,,,https://en.wikipedia.org/wiki/SV_Werder_Bremen_II,,"Regionalliga Suedwest, Regionalliga Nordost, Regionalliga West, Regionalliga Bayern, Regionalliga Nord",2026-27,2026–27 Regionalliga,,4,Q154069,yes,,no second source for this division,in the division and on the map at this tier,ok
Q7572134,SpVgg Greuther Fürth II,DE,,,,,,,https://en.wikipedia.org/wiki/SpVgg_Greuther_F%C3%BCrth_II,,"Regionalliga Suedwest, Regionalliga Nordost, Regionalliga West, Regionalliga Bayern, Regionalliga Nord",2026-27,2026–27 Regionalliga,,4,Q340179,no,,no second source for this division,in the division and on the map at this tier,ok
Q158121,SpVgg Unterhaching,DE,,,,,,,https://en.wikipedia.org/wiki/SpVgg_Unterhaching,,"Regionalliga Suedwest, Regionalliga Nordost, Regionalliga West, Regionalliga Bayern, Regionalliga Nord",2026-27,2026–27 Regionalliga,,4,Q154069 Q340179,yes,,no second source for this division,in the division and on the map at this tier,ok
Q666067,Sportfreunde Lotte,DE,,,,,,,https://en.wikipedia.org/wiki/Sportfreunde_Lotte,,"Regionalliga Suedwest, Regionalliga Nordost, Regionalliga West, Regionalliga Bayern, Regionalliga Nord",2026-27,2026–27 Regionalliga,,4,Q555836,yes,,no second source for this division,in the division and on the map at this tier,ok
Q609926,Sportfreunde Siegen,DE,,,,,,,https://en.wikipedia.org/wiki/Sportfreunde_Siegen,,"Regionalliga Suedwest, Regionalliga Nordost, Regionalliga West, Regionalliga Bayern, Regionalliga Nord",2026-27,2026–27 Regionalliga,,4,Q555836,yes,,no second source for this division,in the division and on the map at this tier,ok
Q170105,Stuttgarter Kickers,DE,,,,,,,https://en.wikipedia.org/wiki/Stuttgarter_Kickers,,"Regionalliga Suedwest, Regionalliga Nordost, Regionalliga West, Regionalliga Bayern, Regionalliga Nord",2026-27,2026–27 Regionalliga,,4,Q322128,yes,,no second source for this division,in the division and on the map at this tier,ok
Q131603,TSV 1860 München,DE,,,,,,,https://en.wikipedia.org/wiki/TSV_1860_Munich,,"Regionalliga Suedwest, Regionalliga Nordost, Regionalliga West, Regionalliga Bayern, Regionalliga Nord",2026-27,2026–27 Regionalliga,,4,Q154069 Q340179,yes,,no second source for this division,in the division and on the map at this tier,ok
Q566183,TSV Buchbach,DE,,,,,,,https://en.wikipedia.org/wiki/TSV_Buchbach,,"Regionalliga Suedwest, Regionalliga Nordost, Regionalliga West, Regionalliga Bayern, Regionalliga Nord",2026-27,2026–27 Regionalliga,,4,Q340179,yes,,no second source for this division,in the division and on the map at this tier,ok
Q16743331,TSV Steinbach Haiger,DE,,,,,,,https://en.wikipedia.org/wiki/TSV_Steinbach_Haiger,,"Regionalliga Suedwest, Regionalliga Nordost, Regionalliga West, Regionalliga Bayern, Regionalliga Nord",2026-27,2026–27 Regionalliga,,4,Q322128,no,,no second source for this division,in the division and on the map at this tier,ok
Q2521441,VfB Eichstätt,DE,,,,,,,https://en.wikipedia.org/wiki/VfB_Eichst%C3%A4tt,,"Regionalliga Suedwest, Regionalliga Nordost, Regionalliga West, Regionalliga Bayern, Regionalliga Nord",2026-27,2026–27 Regionalliga,,4,Q20025024 Q20028073 Q340179,no,,no second source for this division,in the division and on the map at this tier,ok
Q665920,VfB Lübeck,DE,,,,,,,https://en.wikipedia.org/wiki/VfB_L%C3%BCbeck,,"Regionalliga Suedwest, Regionalliga Nordost, Regionalliga West, Regionalliga Bayern, Regionalliga Nord",2026-27,2026–27 Regionalliga,,4,Q154069,yes,,no second source for this division,in the division and on the map at this tier,ok
Q826212,VfB Oldenburg,DE,,,,,,,https://en.wikipedia.org/wiki/VfB_Oldenburg,,"Regionalliga Suedwest, Regionalliga Nordost, Regionalliga West, Regionalliga Bayern, Regionalliga Nord",2026-27,2026–27 Regionalliga,,4,Q2188121,yes,,no second source for this division,in the division and on the map at this tier,ok
Q692586,VfR Aalen,DE,,,,,,,https://en.wikipedia.org/wiki/VfR_Aalen,,"Regionalliga Suedwest, Regionalliga Nordost, Regionalliga West, Regionalliga Bayern, Regionalliga Nord",2026-27,2026–27 Regionalliga,,4,Q152665 Q322128,yes,,no second source for this division,in the division and on the map at this tier,ok
Q8687,Athletic Club,ES,,,,,,,https://en.wikipedia.org/wiki/Athletic_Bilbao,,La Liga,2026-27,2026–27 La Liga,53289,1,Q324867,yes,,no second source for this division,in the division and on the map at this tier,ok
Q8701,Atlético Madrid,ES,,,,,,,https://en.wikipedia.org/wiki/Atl%C3%A9tico_Madrid,,La Liga,2026-27,2026–27 La Liga,70813,1,Q324867,yes,,no second source for this division,in the division and on the map at this tier,ok
Q10286,Club Atlético Osasuna,ES,,,,,,,https://en.wikipedia.org/wiki/CA_Osasuna,,La Liga,2026-27,2026–27 La Liga,23576,1,Q324867,yes,,no second source for this division,in the division and on the map at this tier,ok
Q223620,Deportivo Alavés,ES,,,,,,,https://en.wikipedia.org/wiki/Deportivo_Alav%C3%A9s,,La Liga,2026-27,2026–27 La Liga,19840,1,Q324867 Q35615,yes,,no second source for this division,in the division and on the map at this tier,ok
Q8760,Deportivo de A Coruña,ES,,,,,,,https://en.wikipedia.org/wiki/Deportivo_de_A_Coru%C3%B1a,,La Liga,2026-27,2026–27 La Liga,32660,1,Q100146559 Q324867 Q35615 Q751826,yes,,no second source for this division,in the division and on the map at this tier,ok
Q10512,Elche CF,ES,,,,,,,https://en.wikipedia.org/wiki/Elche_CF,,La Liga,2026-27,2026–27 La Liga,31388,1,Q324867 Q35615,yes,,no second source for this division,in the division and on the map at this tier,ok
Q7156,FC Barcelona,ES,,,,,,,https://en.wikipedia.org/wiki/FC_Barcelona,,La Liga,2026-27,2026–27 La Liga,62652,1,Q324867,yes,,no second source for this division,in the division and on the map at this tier,ok
Q8806,Getafe CF,ES,,,,,,,https://en.wikipedia.org/wiki/Getafe_CF,,La Liga,2026-27,2026–27 La Liga,16500,1,Q324867,yes,,no second source for this division,in the division and on the map at this tier,ok
Q8823,Levante UD,ES,,,,,,,https://en.wikipedia.org/wiki/Levante_UD,,La Liga,2026-27,2026–27 La Liga,26354,1,Q324867 Q35615,yes,,no second source for this division,in the division and on the map at this tier,ok
Q8857,Málaga CF,ES,,,,,,,https://en.wikipedia.org/wiki/M%C3%A1laga_CF,,La Liga,2026-27,2026–27 La Liga,30044,1,Q324867 Q35615,yes,,no second source for this division,in the division and on the map at this tier,ok
Q8749,RC Celta de Vigo,ES,,,,,,,https://en.wikipedia.org/wiki/RC_Celta_de_Vigo,,La Liga,2026-27,2026–27 La Liga,24870,1,Q324867,yes,,no second source for this division,in the division and on the map at this tier,ok
Q8780,RCD Espanyol de Barcelona,ES,,,,,,,https://en.wikipedia.org/wiki/RCD_Espanyol,,La Liga,2026-27,2026–27 La Liga,37776,1,Q324867,yes,,no second source for this division,in the division and on the map at this tier,ok
Q12236,Racing de Santander,ES,,,,,,,https://en.wikipedia.org/wiki/Racing_de_Santander,,La Liga,2026-27,2026–27 La Liga,22308,1,Q100146559 Q324867 Q35615 Q751826,yes,,no second source for this division,in the division and on the map at this tier,ok
Q10300,Rayo Vallecano,ES,,,,,,,https://en.wikipedia.org/wiki/Rayo_Vallecano,,La Liga,2026-27,2026–27 La Liga,,1,Q324867 Q35615,yes,,no second source for this division,in the division and on the map at this tier,ok
Q8723,Real Betis Balompié,ES,,,,,,,https://en.wikipedia.org/wiki/Real_Betis,,La Liga,2026-27,2026–27 La Liga,70000,1,Q324867,yes,,no second source for this division,in the division and on the map at this tier,ok
Q8682,Real Madrid Club de Fútbol,ES,,,,,,,https://en.wikipedia.org/wiki/Real_Madrid_CF,,La Liga,2026-27,2026–27 La Liga,83186,1,Q324867,yes,,no second source for this division,in the division and on the map at this tier,ok
Q10315,Real Sociedad,ES,,,,,,,https://en.wikipedia.org/wiki/Real_Sociedad,,La Liga,2026-27,2026–27 La Liga,39313,1,Q324867,yes,,no second source for this division,in the division and on the map at this tier,ok
Q10329,Sevilla FC,ES,,,,,,,https://en.wikipedia.org/wiki/Sevilla_FC,,La Liga,2026-27,2026–27 La Liga,43883,1,Q324867,yes,,no second source for this division,in the division and on the map at this tier,ok
Q10333,Valencia CF,ES,,,,,,,https://en.wikipedia.org/wiki/Valencia_CF,,La Liga,2026-27,2026–27 La Liga,49430,1,Q324867,yes,,no second source for this division,in the division and on the map at this tier,ok
Q12297,Villarreal CF,ES,,,,,,,https://en.wikipedia.org/wiki/Villarreal_CF,,La Liga,2026-27,2026–27 La Liga,23008,1,Q324867,yes,,no second source for this division,in the division and on the map at this tier,ok
Q5773365,AD Ceuta FC,ES,,,,,,,https://en.wikipedia.org/wiki/AD_Ceuta_FC,,Segunda División,2026-27,2026–27 Segunda División,6500,2,Q35615,yes,,no second source for this division,in the division and on the map at this tier,ok
Q576285,Albacete Balompié,ES,,,,,,,https://en.wikipedia.org/wiki/Albacete_Balompi%C3%A9,,Segunda División,2026-27,2026–27 Segunda División,17524,2,Q35615 Q751826,yes,,no second source for this division,in the division and on the map at this tier,ok
Q852079,Burgos CF,ES,,,,,,,https://en.wikipedia.org/wiki/Burgos_CF,,Segunda División,2026-27,2026–27 Segunda División,12194,2,Q35615 Q751826,yes,,no second source for this division,in the division and on the map at this tier,ok
Q216661,C.D. Tenerife,ES,,,,,,,https://en.wikipedia.org/wiki/CD_Tenerife,,Segunda División,2026-27,2026–27 Segunda División,22824,2,Q100146559 Q35615,yes,,no second source for this division,in the division and on the map at this tier,ok
Q743557,CD Castellón,ES,,,,,,,https://en.wikipedia.org/wiki/CD_Castell%C3%B3n,,Segunda División,2026-27,2026–27 Segunda División,15500,2,Q100146559 Q35615,yes,,no second source for this division,in the division and on the map at this tier,ok
Q600232,CD Eldense,ES,,,,,,,https://en.wikipedia.org/wiki/CD_Eldense,,Segunda División,2026-27,2026–27 Segunda División,5776,2,Q35615,yes,,no second source for this division,in the division and on the map at this tier,ok
Q856119,CD Leganés,ES,,,,,,,https://en.wikipedia.org/wiki/CD_Legan%C3%A9s,,Segunda División,2026-27,2026–27 Segunda División,14422,2,Q324867 Q35615,yes,,no second source for this division,in the division and on the map at this tier,ok
Q12260,Centre d'Esports Sabadell Futbol Club,ES,,,,,,,https://en.wikipedia.org/wiki/CE_Sabadell_FC,,Segunda División,2026-27,2026–27 Segunda División,11908,2,Q100146559,yes,,no second source for this division,in the division and on the map at this tier,ok
Q460448,Cádiz Club de Fútbol,ES,,,,,,,https://en.wikipedia.org/wiki/C%C3%A1diz_CF,,Segunda División,2026-27,2026–27 Segunda División,20724,2,Q35615,yes,,no second source for this division,in the division and on the map at this tier,ok
Q10499,Córdoba CF,ES,,,,,,,https://en.wikipedia.org/wiki/C%C3%B3rdoba_CF,,Segunda División,2026-27,2026–27 Segunda División,20989,2,Q35615 Q751826,yes,,no second source for this division,in the division and on the map at this tier,ok
Q1386854,FC Andorra,ES,,,,,,,https://en.wikipedia.org/wiki/FC_Andorra,,Segunda División,2026-27,2026–27 Segunda División,5108,2,Q35615 Q9086321,yes,,no second source for this division,in the division and on the map at this tier,ok
Q11945,Girona FC,ES,,,,,,,https://en.wikipedia.org/wiki/Girona_FC,,Segunda División,2026-27,2026–27 Segunda División,14624,2,Q324867 Q35615,yes,,no second source for this division,in the division and on the map at this tier,ok
Q8812,Granada CF,ES,,,,,,,https://en.wikipedia.org/wiki/Granada_CF,,Segunda División,2026-27,2026–27 Segunda División,19189,2,Q35615,yes,,no second source for this division,in the division and on the map at this tier,ok
Q2311865,RC Celta Fortuna,ES,,,,,,,https://en.wikipedia.org/wiki/RC_Celta_Fortuna,,Segunda División,2026-27,2026–27 Segunda División,24870,2,Q751826,yes,,no second source for this division,in the division and on the map at this tier,ok
Q8835,RCD Mallorca,ES,,,,,,,https://en.wikipedia.org/wiki/RCD_Mallorca,,Segunda División,2026-27,2026–27 Segunda División,23142,2,Q324867 Q35615 Q751826,yes,,no second source for this division,in the division and on the map at this tier,ok
Q271574,Real Oviedo,ES,,,,,,,https://en.wikipedia.org/wiki/Real_Oviedo,,Segunda División,2026-27,2026–27 Segunda División,30500,2,Q324867 Q35615,yes,,no second source for this division,in the division and on the map at this tier,ok
Q1067750,Real Sociedad B,ES,,,,,,,https://en.wikipedia.org/wiki/Real_Sociedad_B,,Segunda División,2026-27,2026–27 Segunda División,4000,2,Q35615,yes,,no second source for this division,in the division and on the map at this tier,ok
Q10319,Real Valladolid,ES,,,,,,,https://en.wikipedia.org/wiki/Real_Valladolid,,Segunda División,2026-27,2026–27 Segunda División,27618,2,Q324867 Q35615,yes,,no second source for this division,in the division and on the map at this tier,ok
Q770740,SD Eibar,ES,,,,,,,https://en.wikipedia.org/wiki/SD_Eibar,,Segunda División,2026-27,2026–27 Segunda División,8164,2,Q35615,yes,,no second source for this division,in the division and on the map at this tier,ok
Q12278,Sporting de Gijón,ES,,,,,,,https://en.wikipedia.org/wiki/Sporting_de_Gij%C3%B3n,,Segunda División,2026-27,2026–27 Segunda División,29371,2,Q324867 Q35615,yes,,no second source for this division,in the division and on the map at this tier,ok
Q11979,UD Las Palmas,ES,,,,,,,https://en.wikipedia.org/wiki/UD_Las_Palmas,,Segunda División,2026-27,2026–27 Segunda División,32392,2,Q324867 Q35615,yes,,no second source for this division,in the division and on the map at this tier,ok
Q10407,Unión Deportiva Almería,ES,,,,,,,https://en.wikipedia.org/wiki/UD_Almer%C3%ADa,,Segunda División,2026-27,2026–27 Segunda División,15000,2,Q324867 Q35615,yes,,no second source for this division,in the division and on the map at this tier,ok
Q182876,AJ Auxerre,FR,,,,,,,https://en.wikipedia.org/wiki/AJ_Auxerre,,Ligue 1,2026-27,2026–27 Ligue 1,17897,1,Q13394 Q217374,yes,,Ligue 1: confirms,in the division and on the map at this tier,ok
Q180305,AS Monaco FC,FR,,,,,,,https://en.wikipedia.org/wiki/AS_Monaco_FC,,Ligue 1,2026-27,2026–27 Ligue 1,16360,1,Q13394,yes,,Ligue 1: confirms,in the division and on the map at this tier,ok
Q845137,Angers SCO,FR,,,,,,,https://en.wikipedia.org/wiki/Angers_SCO,,Ligue 1,2026-27,2026–27 Ligue 1,19800,1,Q13394 Q217374,yes,,Ligue 1: confirms,in the division and on the map at this tier,ok
Q501693,ES Troyes AC,FR,,,,,,,https://en.wikipedia.org/wiki/ES_Troyes_AC,,Ligue 1,2026-27,2026–27 Ligue 1,21877,1,Q13394 Q217374,yes,,Ligue 1: confirms,in the division and on the map at this tier,ok
Q48911,F.C. Lorient,FR,,,,,,,https://en.wikipedia.org/wiki/FC_Lorient,,Ligue 1,2026-27,2026–27 Ligue 1,18110,1,Q13394 Q217374,yes,,Ligue 1: confirms,in the division and on the map at this tier,ok
Q328658,Le Havre AC,FR,,,,,,,https://en.wikipedia.org/wiki/Le_Havre_AC,,Ligue 1,2026-27,2026–27 Ligue 1,25181,1,Q13394 Q217374,yes,,Ligue 1: confirms,in the division and on the map at this tier,ok
Q210864,Le Mans F.C.,FR,,,,,,,https://en.wikipedia.org/wiki/Le_Mans_FC,,Ligue 1,2026-27,2026–27 Ligue 1,25064,1,Q13394 Q217374 Q864298,yes,,Ligue 1: confirms,in the division and on the map at this tier,ok
Q19516,Lille OSC,FR,,,,,,,https://en.wikipedia.org/wiki/Lille_OSC,,Ligue 1,2026-27,2026–27 Ligue 1,50186,1,Q13394,yes,,Ligue 1: confirms,in the division and on the map at this tier,ok
Q185163,OGC Nice,FR,,,,,,,https://en.wikipedia.org/wiki/OGC_Nice,,Ligue 1,2026-27,2026–27 Ligue 1,36178,1,Q13394,yes,,Ligue 1: confirms,in the division and on the map at this tier,ok
Q704,Olympique Lyonnais,FR,,,,,,,https://en.wikipedia.org/wiki/Olympique_Lyonnais,,Ligue 1,2026-27,2026–27 Ligue 1,59186,1,Q13394,yes,,Ligue 1: confirms,in the division and on the map at this tier,ok
Q132885,Olympique de Marseille,FR,,,,,,,https://en.wikipedia.org/wiki/Olympique_de_Marseille,,Ligue 1,2026-27,2026–27 Ligue 1,67394,1,Q13394,yes,,Ligue 1: confirms,in the division and on the map at this tier,ok
Q1051013,Paris FC,FR,,,,,,,https://en.wikipedia.org/wiki/Paris_FC,,Ligue 1,2026-27,2026–27 Ligue 1,20000,1,Q13394,yes,,Ligue 1: confirms,in the division and on the map at this tier,ok
Q483020,Paris Saint-Germain FC,FR,,,,,,,https://en.wikipedia.org/wiki/Paris_Saint-Germain_FC,,Ligue 1,2026-27,2026–27 Ligue 1,47926,1,Q13394,yes,,Ligue 1: confirms,in the division and on the map at this tier,ok
Q191843,R.C. Lens,FR,,,,,,,https://en.wikipedia.org/wiki/RC_Lens,,Ligue 1,2026-27,2026–27 Ligue 1,38223,1,Q13394 Q217374,yes,,Ligue 1: confirms,in the division and on the map at this tier,ok
Q126334,RC Strasbourg Alsace,FR,,,,,,,https://en.wikipedia.org/wiki/RC_Strasbourg_Alsace,,Ligue 1,2026-27,2026–27 Ligue 1,32000,1,Q13394,yes,,Ligue 1: confirms,in the division and on the map at this tier,ok
Q218372,Stade Brestois 29,FR,,,,,,,https://en.wikipedia.org/wiki/Stade_Brestois_29,,Ligue 1,2026-27,2026–27 Ligue 1,15220,1,Q13394 Q217374,yes,,Ligue 1: confirms,in the division and on the map at this tier,ok
Q19509,Stade Rennais F.C.,FR,,,,,,,https://en.wikipedia.org/wiki/Stade_Rennais_FC,,Ligue 1,2026-27,2026–27 Ligue 1,29778,1,Q13394,yes,,Ligue 1: confirms,in the division and on the map at this tier,ok
Q19518,Toulouse FC,FR,,,,,,,https://en.wikipedia.org/wiki/Toulouse_FC,,Ligue 1,2026-27,2026–27 Ligue 1,33150,1,Q13394 Q217374,yes,,Ligue 1: confirms,in the division and on the map at this tier,ok
Q19523,A.S. Nancy-Lorraine,FR,,,,,,,https://en.wikipedia.org/wiki/AS_Nancy_Lorraine,,Ligue 2,2026-27,2026–27 Ligue 2,20087,2,Q217374 Q864298,yes,,no second source for this division,in the division and on the map at this tier,ok
Q19521,AS Saint-Étienne,FR,,,,,,,https://en.wikipedia.org/wiki/AS_Saint-%C3%89tienne,,Ligue 2,2026-27,2026–27 Ligue 2,41965,2,Q13394 Q217374,yes,,no second source for this division,in the division and on the map at this tier,ok
Q870182,Clermont Foot 63,FR,,,,,,,https://en.wikipedia.org/wiki/Clermont_Foot,,Ligue 2,2026-27,2026–27 Ligue 2,11980,2,Q13394 Q217374,yes,,no second source for this division,in the division and on the map at this tier,ok
Q503317,Dijon FCO,FR,,,,,,,https://en.wikipedia.org/wiki/Dijon_FCO,,Ligue 2,2026-27,2026–27 Ligue 2,15995,2,Q217374 Q864298,yes,,no second source for this division,in the division and on the map at this tier,ok
Q459148,En Avant de Guingamp,FR,,,,,,,https://en.wikipedia.org/wiki/En_Avant_Guingamp,,Ligue 2,2026-27,2026–27 Ligue 2,18378,2,Q13394 Q217374,yes,,no second source for this division,in the division and on the map at this tier,ok
Q1140695,F.C. Annecy,FR,,,,,,,https://en.wikipedia.org/wiki/FC_Annecy,,Ligue 2,2026-27,2026–27 Ligue 2,15660,2,Q217374,yes,,no second source for this division,in the division and on the map at this tier,ok
Q221525,FC Metz,FR,,,,,,,https://en.wikipedia.org/wiki/FC_Metz,,Ligue 2,2026-27,2026–27 Ligue 2,28786,2,Q13394 Q217374,yes,,no second source for this division,in the division and on the map at this tier,ok
Q192071,FC Nantes,FR,,,,,,,https://en.wikipedia.org/wiki/FC_Nantes,,Ligue 2,2026-27,2026–27 Ligue 2,35322,2,Q13394 Q217374,yes,,no second source for this division,in the division and on the map at this tier,ok
Q19512,FC Sochaux-Montbéliard,FR,,,,,,,https://en.wikipedia.org/wiki/FC_Sochaux-Montb%C3%A9liard,,Ligue 2,2026-27,2026–27 Ligue 2,20005,2,Q217374 Q864298,yes,,no second source for this division,in the division and on the map at this tier,ok
Q209509,Grenoble Foot 38,FR,,,,,,,https://en.wikipedia.org/wiki/Grenoble_Foot_38,,Ligue 2,2026-27,2026–27 Ligue 2,20068,2,Q217374,yes,,no second source for this division,in the division and on the map at this tier,ok
Q19513,Montpellier Hérault Sport Club,FR,,,,,,,https://en.wikipedia.org/wiki/Montpellier_HSC,,Ligue 2,2026-27,2026–27 Ligue 2,32900,2,Q13394 Q217374,yes,,no second source for this division,in the division and on the map at this tier,ok
Q288419,Pau Football Club,FR,,,,,,,https://en.wikipedia.org/wiki/Pau_FC,,Ligue 2,2026-27,2026–27 Ligue 2,4031,2,Q217374,yes,,no second source for this division,in the division and on the map at this tier,ok
Q522283,Red Star F.C.,FR,,,,,,,https://en.wikipedia.org/wiki/Red_Star_FC,,Ligue 2,2026-27,2026–27 Ligue 2,10000,2,Q217374,yes,,no second source for this division,in the division and on the map at this tier,ok
Q292231,Rodez AF,FR,,,,,,,https://en.wikipedia.org/wiki/Rodez_AF,,Ligue 2,2026-27,2026–27 Ligue 2,5955,2,Q217374,yes,,no second source for this division,in the division and on the map at this tier,ok
Q760736,Stade Lavallois,FR,,,,,,,https://en.wikipedia.org/wiki/Stade_Lavallois,,Ligue 2,2026-27,2026–27 Ligue 2,18607,2,Q217374,yes,,no second source for this division,in the division and on the map at this tier,ok
Q208228,Stade de Reims,FR,,,,,,,https://en.wikipedia.org/wiki/Stade_de_Reims,,Ligue 2,2026-27,2026–27 Ligue 2,21029,2,Q13394 Q217374,yes,,no second source for this division,in the division and on the map at this tier,ok
Q309400,US Boulogne,FR,,,,,,,https://en.wikipedia.org/wiki/US_Boulogne,,Ligue 2,2026-27,2026–27 Ligue 2,9534,2,Q217374,yes,,no second source for this division,in the division and on the map at this tier,ok
Q1815297,USL Dunkerque,FR,,,,,,,https://en.wikipedia.org/wiki/USL_Dunkerque,,Ligue 2,2026-27,2026–27 Ligue 2,4933,2,Q217374,yes,,no second source for this division,in the division and on the map at this tier,ok
Q16245443,A.E. Kifisia F.C.,GR,,,,,,,https://en.wikipedia.org/wiki/A.E._Kifisia_F.C.,,Super League (Greece),2026-27,2026–27 Super League Greece,16003,1,Q235114 Q63980269,yes,,no second source for this division,in the division and on the map at this tier,ok
Q201584,AEK Athens F.C.,GR,,,,,,,https://en.wikipedia.org/wiki/AEK_Athens_F.C.,,Super League (Greece),2026-27,2026–27 Super League Greece,32500,1,Q235114,yes,,no second source for this division,in the division and on the map at this tier,ok
Q219926,Aris Thessaloniki F.C.,GR,,,,,,,https://en.wikipedia.org/wiki/Aris_Thessaloniki_F.C.,,Super League (Greece),2026-27,2026–27 Super League Greece,22800,1,Q235114,yes,,no second source for this division,in the division and on the map at this tier,ok
Q757320,Asteras Tripoli F.C.,GR,,,,,,,https://en.wikipedia.org/wiki/Asteras_Tripolis_F.C.,,Super League (Greece),2026-27,2026–27 Super League Greece,7423,1,Q235114,yes,,no second source for this division,in the division and on the map at this tier,ok
Q757754,Atromitos F.C.,GR,,,,,,,https://en.wikipedia.org/wiki/Atromitos_F.C.,,Super League (Greece),2026-27,2026–27 Super League Greece,9050,1,Q235114,yes,,no second source for this division,in the division and on the map at this tier,ok
Q592241,G.S. Iraklis Thessalonikis (men's association football),GR,,,,,,,https://en.wikipedia.org/wiki/Iraklis_F.C._%28Thessaloniki%29,,Super League (Greece),2026-27,2026–27 Super League Greece,27560,1,Q235114 Q63980269,yes,,no second source for this division,in the division and on the map at this tier,ok
Q2744247,Kalamata F.C.,GR,,,,,,,https://en.wikipedia.org/wiki/Kalamata_F.C.,,Super League (Greece),2026-27,2026–27 Super League Greece,4496,1,Q235114,yes,,no second source for this division,in the division and on the map at this tier,ok
Q824450,Levadiakos F.C.,GR,,,,,,,https://en.wikipedia.org/wiki/Levadiakos_F.C.,,Super League (Greece),2026-27,2026–27 Super League Greece,5915,1,Q235114,yes,,no second source for this division,in the division and on the map at this tier,ok
Q931704,OFI Crete F.C.,GR,,,,,,,https://en.wikipedia.org/wiki/OFI_Crete_F.C.,,Super League (Greece),2026-27,2026–27 Super League Greece,26240,1,Q235114,yes,,no second source for this division,in the division and on the map at this tier,ok
Q19628,Olympiacos F.C.,GR,,,,,,,https://en.wikipedia.org/wiki/Olympiacos_F.C.,,Super League (Greece),2026-27,2026–27 Super League Greece,33334,1,Q235114,yes,,no second source for this division,in the division and on the map at this tier,ok
Q204888,PAOK FC,GR,,,,,,,https://en.wikipedia.org/wiki/PAOK_FC,,Super League (Greece),2026-27,2026–27 Super League Greece,28703,1,Q235114,yes,,no second source for this division,in the division and on the map at this tier,ok
Q4122219,Panathinaikos F.C.,GR,,,,,,,https://en.wikipedia.org/wiki/Panathinaikos_F.C.,,Super League (Greece),2026-27,2026–27 Super League Greece,69618,1,Q235114,yes,,no second source for this division,in the division and on the map at this tier,ok
Q1460053,Panetolikos F.C.,GR,,,,,,,https://en.wikipedia.org/wiki/Panetolikos_F.C.,,Super League (Greece),2026-27,2026–27 Super League Greece,7321,1,Q235114,yes,,no second source for this division,in the division and on the map at this tier,ok
Q43375974,Volos N.F.C.,GR,,,,,,,https://en.wikipedia.org/wiki/Volos_F.C.,,Super League (Greece),2026-27,2026–27 Super League Greece,22700,1,Q235114,yes,,no second source for this division,in the division and on the map at this tier,ok
Q3292651,A.P.S. Zakynthos,GR,,,,,,,https://en.wikipedia.org/wiki/A.P.S._Zakynthos,,Super League 2 (Greece),2026-27,2026–27 Super League Greece 2,5000,,Q1436035 Q63980269,no,,no second source for this division,"the club query can see this club - its league is mapped - but neither it nor its ground has a position, so it is dropped at the coordinates gate. This is the route coordinate-review.csv and europlan-online already exist for",unplaced-no-coordinates
Q16845757,A.S. Nestos Chrysoupolis,GR,,,,,,,https://en.wikipedia.org/wiki/Nestos_Chrysoupoli_F.C.,,Super League 2 (Greece),2026-27,2026–27 Super League Greece 2,5000,,Q63980269,no,,no second source for this division,"the club query can see this club - its league is mapped - but neither it nor its ground has a position, so it is dropped at the coordinates gate. This is the route coordinate-review.csv and europlan-online already exist for",unplaced-no-coordinates
Q12872753,Hellas Syros F.C.,GR,,,,,,,https://en.wikipedia.org/wiki/Hellas_Syros_F.C.,,Super League 2 (Greece),2026-27,2026–27 Super League Greece 2,2500,,Q63980269,no,,no second source for this division,"the club query can see this club - its league is mapped - but neither it nor its ground has a position, so it is dropped at the coordinates gate. This is the route coordinate-review.csv and europlan-online already exist for",unplaced-no-coordinates
Q433230,A.P.S. Panthrakikos,GR,,,,,,,https://en.wikipedia.org/wiki/Panthrakikos_F.C.,,Super League 2 (Greece),2026-27,2026–27 Super League Greece 2,6198,2,Q63980269,yes,,no second source for this division,in the division and on the map at this tier,ok
Q123283162,A.S. Anagennisi Karditsas (football),GR,,,,,,,https://en.wikipedia.org/wiki/Anagennisi_Karditsa_F.C.,,Super League 2 (Greece),2026-27,2026–27 Super League Greece 2,3500,2,Q63980269,yes,,no second source for this division,in the division and on the map at this tier,ok
Q135213959,Asteras Tripolis,GR,,,,,,,https://en.wikipedia.org/wiki/2026%E2%80%9327_Super_League_Greece_2,,Super League 2 (Greece),2026-27,2026–27 Super League Greece 2,7423,2,Q63980269,yes,,no second source for this division,"in the division and on the map at this tier (this row is joined to Q135213959 by a hand link, data/roster-links-manual.csv line 5)",ok
Q1547133,Athens Kallithea F.C.,GR,,,,,,,https://en.wikipedia.org/wiki/Athens_Kallithea_F.C.,,Super League 2 (Greece),2026-27,2026–27 Super League Greece 2,6300,2,Q235114 Q63980269,yes,,no second source for this division,in the division and on the map at this tier,ok
Q275626,Athlitiki Enosi Larissa F.C.,GR,,,,,,,https://en.wikipedia.org/wiki/Athlitiki_Enosi_Larissa_F.C.,,Super League 2 (Greece),2026-27,2026–27 Super League Greece 2,16118,2,Q235114 Q63980269,yes,,no second source for this division,in the division and on the map at this tier,ok
Q15309584,G.S. Marko,GR,,,,,,,https://en.wikipedia.org/wiki/Marko_1927_F.C.,,Super League 2 (Greece),2026-27,2026–27 Super League Greece 2,3000,2,Q63980269,yes,,no second source for this division,in the division and on the map at this tier,ok
Q619215,M.G.S. Apollon Kalamarias (association football),GR,,,,,,,https://en.wikipedia.org/wiki/Apollon_Kalamarias_F.C.,,Super League 2 (Greece),2026-27,2026–27 Super League Greece 2,6500,2,Q1436035 Q63980269,yes,,no second source for this division,in the division and on the map at this tier,ok
Q3180055,Niki Volos F.C.,GR,,,,,,,https://en.wikipedia.org/wiki/Niki_Volos_F.C.,,Super League 2 (Greece),2026-27,2026–27 Super League Greece 2,2500,2,Q1421208 Q1436035 Q235114 Q3556014 Q63980269,yes,,no second source for this division,in the division and on the map at this tier,ok
Q107410262,Olympiacos B,GR,,,,,,,https://en.wikipedia.org/wiki/Olympiacos_F.C._B,,Super League 2 (Greece),2026-27,2026–27 Super League Greece 2,3000,2,Q63980269,yes,,no second source for this division,in the division and on the map at this tier,ok
Q107849577,P.A.O.K. F.C. B,GR,,,,,,,https://en.wikipedia.org/wiki/PAOK_B,,Super League 2 (Greece),2026-27,2026–27 Super League Greece 2,6500,2,Q63980269,yes,,no second source for this division,in the division and on the map at this tier,ok
Q25535620,PAS Pyrgos 1968,GR,,,,,,,https://en.wikipedia.org/wiki/PAS_Pyrgos_1968,,Super League 2 (Greece),2026-27,2026–27 Super League Greece 2,6750,2,Q63980269,yes,,no second source for this division,in the division and on the map at this tier,ok
Q460494,Panionios F.C.,GR,,,,,,,https://en.wikipedia.org/wiki/Panionios_F.C.,,Super League 2 (Greece),2026-27,2026–27 Super League Greece 2,11700,2,Q1436035 Q63980269,yes,,no second source for this division,in the division and on the map at this tier,ok
Q1417287,Panserraikos F.C.,GR,,,,,,,https://en.wikipedia.org/wiki/Panserraikos_F.C.,,Super League 2 (Greece),2026-27,2026–27 Super League Greece 2,9500,2,Q235114 Q63980269,yes,,no second source for this division,in the division and on the map at this tier,ok
Q1543,AC Milan,IT,,,,,,,https://en.wikipedia.org/wiki/AC_Milan,,Serie A,2026-27,2026–27 Serie A,75710,1,Q15804,yes,,Serie A: confirms,in the division and on the map at this tier,ok
Q289482,AC Monza,IT,,,,,,,https://en.wikipedia.org/wiki/AC_Monza,,Serie A,2026-27,2026–27 Serie A,17102,1,Q15804 Q194052,yes,,Serie A: confirms,in the division and on the map at this tier,ok
Q2052,ACF Fiorentina,IT,,,,,,,https://en.wikipedia.org/wiki/ACF_Fiorentina,,Serie A,2026-27,2026–27 Serie A,43118,1,Q15804 Q194052,yes,,Serie A: confirms,in the division and on the map at this tier,ok
Q2739,AS Roma,IT,,,,,,,https://en.wikipedia.org/wiki/AS_Roma,,Serie A,2026-27,2026–27 Serie A,70634,1,Q15804,yes,,Serie A: confirms,in the division and on the map at this tier,ok
Q1886,Atalanta BC,IT,,,,,,,https://en.wikipedia.org/wiki/Atalanta_BC,,Serie A,2026-27,2026–27 Serie A,23439,1,Q15804,yes,,Serie A: confirms,in the division and on the map at this tier,ok
Q1893,Bologna F.C. 1909,IT,,,,,,,https://en.wikipedia.org/wiki/Bologna_FC_1909,,Serie A,2026-27,2026–27 Serie A,38279,1,Q15804,yes,,Serie A: confirms,in the division and on the map at this tier,ok
Q1900,Cagliari Calcio,IT,,,,,,,https://en.wikipedia.org/wiki/Cagliari_Calcio,,Serie A,2026-27,2026–27 Serie A,16416,1,Q15804 Q194052,yes,,Serie A: confirms,in the division and on the map at this tier,ok
Q1120838,Como 1907,IT,,,,,,,https://en.wikipedia.org/wiki/Como_1907,,Serie A,2026-27,2026–27 Serie A,13602,1,Q15804,yes,,Serie A: confirms,in the division and on the map at this tier,ok
Q845043,Frosinone Calcio,IT,,,,,,,https://en.wikipedia.org/wiki/Frosinone_Calcio,,Serie A,2026-27,2026–27 Serie A,16227,1,Q15804 Q194052,yes,,Serie A: confirms,in the division and on the map at this tier,ok
Q2074,Genoa CFC,IT,,,,,,,https://en.wikipedia.org/wiki/Genoa_CFC,,Serie A,2026-27,2026–27 Serie A,33205,1,Q15804 Q194052 Q3957692 Q677397,yes,,Serie A: confirms,in the division and on the map at this tier,ok
Q631,Inter Milan,IT,,,,,,,https://en.wikipedia.org/wiki/Inter_Milan,,Serie A,2026-27,2026–27 Serie A,75710,1,Q15804,yes,,Serie A: confirms,in the division and on the map at this tier,ok
Q1422,Juventus FC,IT,,,,,,,https://en.wikipedia.org/wiki/Juventus_FC,,Serie A,2026-27,2026–27 Serie A,41507,1,Q15804 Q194052,yes,,Serie A: confirms,in the division and on the map at this tier,ok
Q2693,Parma Calcio 1913,IT,,,,,,,https://en.wikipedia.org/wiki/Parma_Calcio_1913,,Serie A,2026-27,2026–27 Serie A,22352,1,Q15804 Q194052,yes,,Serie A: confirms,in the division and on the map at this tier,ok
Q2609,SS Lazio,IT,,,,,,,https://en.wikipedia.org/wiki/SS_Lazio,,Serie A,2026-27,2026–27 Serie A,70634,1,Q15804,yes,,Serie A: confirms,in the division and on the map at this tier,ok
Q2641,SSC Napoli,IT,,,,,,,https://en.wikipedia.org/wiki/SSC_Napoli,,Serie A,2026-27,2026–27 Serie A,54732,1,Q15804,yes,,Serie A: confirms,in the division and on the map at this tier,ok
Q2768,Torino FC,IT,,,,,,,https://en.wikipedia.org/wiki/Torino_FC,,Serie A,2026-27,2026–27 Serie A,28177,1,Q15804,yes,,Serie A: confirms,in the division and on the map at this tier,ok
Q13391,US Lecce,IT,,,,,,,https://en.wikipedia.org/wiki/US_Lecce,,Serie A,2026-27,2026–27 Serie A,30354,1,Q15804 Q194052,yes,,Serie A: confirms,in the division and on the map at this tier,ok
Q8603,US Sassuolo Calcio,IT,,,,,,,https://en.wikipedia.org/wiki/US_Sassuolo_Calcio,,Serie A,2026-27,2026–27 Serie A,21515,1,Q15804 Q194052,yes,,Serie A: confirms,in the division and on the map at this tier,ok
Q2798,Udinese Calcio,IT,,,,,,,https://en.wikipedia.org/wiki/Udinese_Calcio,,Serie A,2026-27,2026–27 Serie A,25132,1,Q15804,yes,,Serie A: confirms,in the division and on the map at this tier,ok
Q501245,Venezia F.C.,IT,,,,,,,https://en.wikipedia.org/wiki/Venezia_FC,,Serie A,2026-27,2026–27 Serie A,12048,1,Q15804 Q194052,yes,,Serie A: confirms,in the division and on the map at this tier,ok
Q8428,Calcio Padova,IT,,,,,,,https://en.wikipedia.org/wiki/Calcio_Padova,,Serie B,2026-27,2026–27 Serie B,32420,,Q194052,yes,,no second source for this division,"Wikidata marks this club dissolved (P576) and the club query excludes dissolved clubs, so it can never reach the map. Either Wikidata is wrong or the league article is",missing-from-wikidata
Q650365,Carrarese Calcio,IT,,,,,,,https://en.wikipedia.org/wiki/Carrarese_Calcio_1908,,Serie B,2026-27,2026–27 Serie B,4194,,Q194052,no,,no second source for this division,"the club query can see this club - its league is mapped - but neither it nor its ground has a position, so it is dropped at the coordinates gate. This is the route coordinate-review.csv and europlan-online already exist for",unplaced-no-coordinates
Q6630,Ascoli Calcio 1898 FC,IT,,,,,,,https://en.wikipedia.org/wiki/Ascoli_Calcio_1898_FC,,Serie B,2026-27,2026–27 Serie B,12461,2,Q194052 Q607965,yes,,no second source for this division,in the division and on the map at this tier,ok
Q652516,Benevento Calcio,IT,,,,,,,https://en.wikipedia.org/wiki/Benevento_Calcio,,Serie B,2026-27,2026–27 Serie B,16867,2,Q15804 Q194052 Q607965,yes,,no second source for this division,in the division and on the map at this tier,ok
Q16848949,Cesena FC,IT,,,,,,,https://en.wikipedia.org/wiki/Cesena_FC,,Serie B,2026-27,2026–27 Serie B,20194,2,Q194052,yes,,no second source for this division,in the division and on the map at this tier,ok
Q6703,Empoli FC,IT,,,,,,,https://en.wikipedia.org/wiki/Empoli_FC,,Serie B,2026-27,2026–27 Serie B,16284,2,Q15804 Q194052,yes,,no second source for this division,in the division and on the map at this tier,ok
Q1387710,F.C. Südtirol,IT,,,,,,,https://en.wikipedia.org/wiki/FC_S%C3%BCdtirol,,Serie B,2026-27,2026–27 Serie B,5539,2,Q194052,yes,,no second source for this division,in the division and on the map at this tier,ok
Q8639,Hellas Verona FC,IT,,,,,,,https://en.wikipedia.org/wiki/Hellas_Verona_FC,,Serie B,2026-27,2026–27 Serie B,39211,2,Q15804 Q194052,yes,,no second source for this division,in the division and on the map at this tier,ok
Q56542463,LR Vicenza,IT,,,,,,,https://en.wikipedia.org/wiki/LR_Vicenza,,Serie B,2026-27,2026–27 Serie B,12000,2,Q194052 Q607965,yes,,no second source for this division,in the division and on the map at this tier,ok
Q430993,Mantova 1911,IT,,,,,,,https://en.wikipedia.org/wiki/Mantova_1911,,Serie B,2026-27,2026–27 Serie B,14884,2,Q194052 Q830717,yes,,no second source for this division,in the division and on the map at this tier,ok
Q8408,Modena F.C.,IT,,,,,,,https://en.wikipedia.org/wiki/Modena_FC_2018,,Serie B,2026-27,2026–27 Serie B,21151,2,Q194052,yes,,no second source for this division,in the division and on the map at this tier,ok
Q2674,Palermo F.C.,IT,,,,,,,https://en.wikipedia.org/wiki/Palermo_FC,,Serie B,2026-27,2026–27 Serie B,36365,2,Q1141778 Q194052 Q607965,yes,,no second source for this division,in the division and on the map at this tier,ok
Q289613,Pisa SC,IT,,,,,,,https://en.wikipedia.org/wiki/Pisa_SC,,Serie B,2026-27,2026–27 Serie B,12508,2,Q15804 Q194052,yes,,no second source for this division,in the division and on the map at this tier,ok
Q297430,S.S. Arezzo,IT,,,,,,,https://en.wikipedia.org/wiki/SS_Arezzo,,Serie B,2026-27,2026–27 Serie B,13128,2,Q194052,yes,,no second source for this division,in the division and on the map at this tier,ok
Q6748,S.S. Juve Stabia,IT,,,,,,,https://en.wikipedia.org/wiki/SS_Juve_Stabia,,Serie B,2026-27,2026–27 Serie B,7642,2,Q194052,yes,,no second source for this division,in the division and on the map at this tier,ok
Q1457,U.C. Sampdoria,IT,,,,,,,https://en.wikipedia.org/wiki/Sampdoria,,Serie B,2026-27,2026–27 Serie B,33205,2,Q15804 Q194052,yes,,no second source for this division,in the division and on the map at this tier,ok
Q298217,U.S. Avellino 1912,IT,,,,,,,https://en.wikipedia.org/wiki/US_Avellino_1912,,Serie B,2026-27,2026–27 Serie B,26000,2,Q1141778 Q194052 Q607965 Q677397 Q830717,yes,,no second source for this division,in the division and on the map at this tier,ok
Q759482,US Cremonese,IT,,,,,,,https://en.wikipedia.org/wiki/US_Cremonese,,Serie B,2026-27,2026–27 Serie B,20641,2,Q15804 Q194052 Q677397,yes,,no second source for this division,in the division and on the map at this tier,ok
Q501372,Unione Sportiva Catanzaro,IT,,,,,,,https://en.wikipedia.org/wiki/US_Catanzaro_1929,,Serie B,2026-27,2026–27 Serie B,14650,2,Q194052,yes,,no second source for this division,in the division and on the map at this tier,ok
Q2276413,Virtus Entella,IT,,,,,,,https://en.wikipedia.org/wiki/Virtus_Entella,,Serie B,2026-27,2026–27 Serie B,5535,2,Q194052 Q677397,yes,,no second source for this division,in the division and on the map at this tier,ok
Q113541238,FC Bihor Oradea,RO,,,,,,,https://en.wikipedia.org/wiki/FC_Bihor_Oradea_%282022%29,,Liga a II-a,2026-27,2026–27 Liga II,12376,,none,no,,no second source for this division,"Wikidata gives it no league at all, none of them in data/league-tiers.csv, so the club query never sees it. Add a row to data/clubs-manual.csv",missing-from-wikidata
Q39487082,CSA Steaua București,RO,,,,,,,https://en.wikipedia.org/wiki/CSA_Steaua_Bucure%C8%99ti_%28football%29,,Liga a II-a,2026-27,2026–27 Liga II,31254,,Q12732209 Q1707697 Q386384,no,,no second source for this division,"the club query can see this club - its league is mapped - but neither it nor its ground has a position, so it is dropped at the coordinates gate. This is the route coordinate-review.csv and europlan-online already exist for",unplaced-no-coordinates
Q66424141,CSC 1599 Șelimbăr,RO,,,,,,,https://en.wikipedia.org/wiki/CSC_1599_%C8%98elimb%C4%83r,,Liga a II-a,2026-27,2026–27 Liga II,2450,,Q1707697 Q18547858 Q386384,no,,no second source for this division,"the club query can see this club - its league is mapped - but neither it nor its ground has a position, so it is dropped at the coordinates gate. This is the route coordinate-review.csv and europlan-online already exist for",unplaced-no-coordinates
Q18539440,CSL Ștefăneștii de Jos,RO,,,,,,,https://en.wikipedia.org/wiki/CSL_%C8%98tef%C4%83ne%C8%99ti,,Liga a II-a,2026-27,2026–27 Liga II,1150,,Q12732225 Q1707697 Q386384,no,,no second source for this division,"the club query can see this club - its league is mapped - but neither it nor its ground has a position, so it is dropped at the coordinates gate. This is the route coordinate-review.csv and europlan-online already exist for",unplaced-no-coordinates
Q55593565,SC Popești-Leordeni,RO,,,,,,,https://en.wikipedia.org/wiki/SC_Pope%C8%99ti-Leordeni,,Liga a II-a,2026-27,2026–27 Liga II,4500,,Q1707697 Q386384,no,,no second source for this division,"the club query can see this club - its league is mapped - but neither it nor its ground has a position, so it is dropped at the coordinates gate. This is the route coordinate-review.csv and europlan-online already exist for",unplaced-no-coordinates
Q99446805,CSM Olimpia Satu Mare,RO,,,,,,,https://en.wikipedia.org/wiki/CSM_Satu_Mare_%28football%29,,Liga a II-a,2026-27,2026–27 Liga II,18000,3,Q1707697 Q386384,yes,,no second source for this division,the league lists it at tier 2 and the map has it at tier 3 in RO - most likely a P118 left over from last season. Put 2 in the tier cell of data/clubs-manual.csv,wrong-tier
Q1386940,Bihor Oradea,RO,,,,,,,,,Liga a II-a,2026-27,2026–27 Liga II,,2,Q386384,yes,,no second source for this division,"the map has this club at this tier and the league does not list it. Either its P118 is stale and it belongs at another tier, or the league article links it under a title the sitelink hop did not resolve",extra-not-in-roster
Q5424871,AFC Chindia Târgoviște,RO,,,,,,,https://en.wikipedia.org/wiki/FC_Chindia_T%C3%A2rgovi%C8%99te,,Liga a II-a,2026-27,2026–27 Liga II,8400,2,Q237753 Q386384,yes,,no second source for this division,in the division and on the map at this tier,ok
Q37855796,AFC Metalul Buzău,RO,,,,,,,https://en.wikipedia.org/wiki/Metalul_Buz%C4%83u,,Liga a II-a,2026-27,2026–27 Liga II,12321,2,Q12732211 Q1707697 Q386384,yes,,no second source for this division,in the division and on the map at this tier,ok
Q298201,ASA Târgu Mureș,RO,,,,,,,https://en.wikipedia.org/wiki/ASA_T%C3%A2rgu_Mure%C8%99_%281962%29,,Liga a II-a,2026-27,2026–27 Liga II,8200,2,Q12732227 Q386384,yes,,no second source for this division,in the division and on the map at this tier,ok
Q12723169,CS Afumați,RO,,,,,,,https://en.wikipedia.org/wiki/CS_Afuma%C8%9Bi,,Liga a II-a,2026-27,2026–27 Liga II,1600,2,Q386384,yes,,no second source for this division,in the division and on the map at this tier,ok
Q1024463,CS Concordia Chiajna,RO,,,,,,,https://en.wikipedia.org/wiki/CS_Concordia_Chiajna,,Liga a II-a,2026-27,2026–27 Liga II,5123,2,Q386384,yes,,no second source for this division,in the division and on the map at this tier,ok
Q113577526,CS Dinamo București,RO,,,,,,,https://en.wikipedia.org/wiki/CS_Dinamo_Bucure%C8%99ti_%28football%29,,Liga a II-a,2026-27,2026–27 Liga II,6000,2,Q386384,yes,,no second source for this division,in the division and on the map at this tier,ok
Q55618976,CSC Dumbrăvița,RO,,,,,,,https://en.wikipedia.org/wiki/CSC_Dumbr%C4%83vi%C8%9Ba,,Liga a II-a,2026-27,2026–27 Liga II,500,2,Q1707697 Q18548570 Q386384,no,,no second source for this division,in the division and on the map at this tier,ok
Q1057672,CSM Cetatea Suceava,RO,,,,,,,https://en.wikipedia.org/wiki/CSM_Cetatea_Suceava,,Liga a II-a,2026-27,2026–27 Liga II,7000,2,Q1707697 Q386384,yes,,no second source for this division,in the division and on the map at this tier,ok
Q1024397,CSM Reșița,RO,,,,,,,https://en.wikipedia.org/wiki/CSM_Re%C8%99i%C8%9Ba,,Liga a II-a,2026-27,2026–27 Liga II,12500,2,Q1707697 Q386384,yes,,no second source for this division,in the division and on the map at this tier,ok
Q16846810,CSM Slatina,RO,,,,,,,https://en.wikipedia.org/wiki/CSM_Slatina_%28football%29,,Liga a II-a,2026-27,2026–27 Liga II,12000,2,Q12732229 Q1707697 Q386384,yes,,no second source for this division,in the division and on the map at this tier,ok
Q106779019,FC Bacău,RO,,,,,,,https://en.wikipedia.org/wiki/ACS_FC_Bac%C4%83u,,Liga a II-a,2026-27,2026–27 Liga II,700,2,Q1707697 Q386384,no,,no second source for this division,in the division and on the map at this tier,ok
Q28230355,FC Metaloglobus București,RO,,,,,,,https://en.wikipedia.org/wiki/FC_Metaloglobus_Bucure%C8%99ti,,Liga a II-a,2026-27,2026–27 Liga II,4500,2,Q237753 Q386384,yes,,no second source for this division,in the division and on the map at this tier,ok
Q5425216,FC Unirea Slobozia,RO,,,,,,,https://en.wikipedia.org/wiki/AFC_Unirea_Slobozia,,Liga a II-a,2026-27,2026–27 Liga II,6000,2,Q1707697 Q237753 Q386384,yes,,no second source for this division,in the division and on the map at this tier,ok
Q56677281,Gloria Bistrița,RO,,,,,,,https://en.wikipedia.org/wiki/CS_Gloria_Bistri%C8%9Ba-N%C4%83s%C4%83ud,,Liga a II-a,2026-27,2026–27 Liga II,7814,2,Q12732206 Q1707697 Q386384,no,,no second source for this division,in the division and on the map at this tier,ok
Q1024395,SCM Râmnicu Vâlcea,RO,,,,,,,https://en.wikipedia.org/wiki/SCM_R%C3%A2mnicu_V%C3%A2lcea,,Liga a II-a,2026-27,2026–27 Liga II,12000,2,Q12732231 Q1707697 Q386384,yes,,no second source for this division,in the division and on the map at this tier,ok
Q4654417,Știința Poli Timișoara,RO,,,,,,,https://en.wikipedia.org/wiki/SSU_Politehnica_Timi%C8%99oara,,Liga a II-a,2026-27,2026–27 Liga II,5000,2,Q1707697 Q386384,yes,,no second source for this division,in the division and on the map at this tier,ok
Q136297458,ACS AXI Arena Adunații-Copăceni,RO,,,,,,,https://en.wikipedia.org/wiki/ACS_AXI_Arena,,Liga a III-a,2026-27,2026–27 Liga III,,,none,no,,no second source for this division,"Wikidata gives it no league at all, none of them in data/league-tiers.csv, so the club query never sees it. Add a row to data/clubs-manual.csv",missing-from-wikidata
Q133971899,AFC Progresul Fundulea,RO,,,,,,,https://en.wikipedia.org/wiki/AFC_Progresul_Fundulea,,Liga a III-a,2026-27,2026–27 Liga III,,,none,no,,no second source for this division,"Wikidata gives it no league at all, none of them in data/league-tiers.csv, so the club query never sees it. Add a row to data/clubs-manual.csv",missing-from-wikidata
Q39055984,CS Bihorul Beiuș,RO,,,,,,,https://en.wikipedia.org/wiki/Bihorul_Beiu%C8%99,,Liga a III-a,2026-27,2026–27 Liga III,,,none,no,,no second source for this division,"Wikidata gives it no league at all, none of them in data/league-tiers.csv, so the club query never sees it. Add a row to data/clubs-manual.csv",missing-from-wikidata
Q131452573,CS CIL Blaj,RO,,,,,,,https://en.wikipedia.org/wiki/CIL_Blaj,,Liga a III-a,2026-27,2026–27 Liga III,,,none,no,,no second source for this division,"Wikidata gives it no league at all, none of them in data/league-tiers.csv, so the club query never sees it. Add a row to data/clubs-manual.csv",missing-from-wikidata
Q4684936,CS Portul Constanța,RO,,,,,,,https://en.wikipedia.org/wiki/CS_Portul_Constan%C8%9Ba,,Liga a III-a,2026-27,2026–27 Liga III,,,Q12732205,no,,no second source for this division,"Wikidata gives it only leagues Q12732205, none of them in data/league-tiers.csv, so the club query never sees it. Add a row to data/clubs-manual.csv",missing-from-wikidata
Q136806593,CS Progresul Mogoșoaia,RO,,,,,,,https://en.wikipedia.org/wiki/CS_Progresul_Mogo%C8%99oaia,,Liga a III-a,2026-27,2026–27 Liga III,,,none,no,,no second source for this division,"Wikidata gives it no league at all, none of them in data/league-tiers.csv, so the club query never sees it. Add a row to data/clubs-manual.csv",missing-from-wikidata
Q65090070,CS Universitatea II Craiova,RO,,,,,,,https://en.wikipedia.org/wiki/CS_Universitatea_II_Craiova,,Liga a III-a,2026-27,2026–27 Liga III,,,none,no,,no second source for this division,"Wikidata gives it no league at all, none of them in data/league-tiers.csv, so the club query never sees it. Add a row to data/clubs-manual.csv",missing-from-wikidata
Q3623598,FC Dunărea Giurgiu,RO,,,,,,,https://en.wikipedia.org/wiki/SCM_Dun%C4%83rea_Giurgiu,,Liga a III-a,2026-27,2026–27 Liga III,,,Q1824566,yes,,no second source for this division,"Wikidata marks this club dissolved (P576) and the club query excludes dissolved clubs, so it can never reach the map. Either Wikidata is wrong or the league article is",missing-from-wikidata
Q533005,FC Inter Sibiu,RO,,,,,,,https://en.wikipedia.org/wiki/Inter_Sibiu,,Liga a III-a,2026-27,2026–27 Liga III,,,Q1707697 Q18547858 Q386384,yes,,no second source for this division,"Wikidata has the right league and a position for this club, and it is still not on the map. Nothing here explains that - read the club layer run summary for this Q-id",missing-from-wikidata
Q2080673,FC Petrolul Berca,RO,,,,,,,https://en.wikipedia.org/wiki/FC_Petrolul_Berca,,Liga a III-a,2026-27,2026–27 Liga III,,,Q12732211,no,,no second source for this division,"Wikidata gives it only leagues Q12732211, none of them in data/league-tiers.csv, so the club query never sees it. Add a row to data/clubs-manual.csv",missing-from-wikidata
Q3063150,FC Săcele,RO,,,,,,,https://en.wikipedia.org/wiki/CSM_S%C4%83cele,,Liga a III-a,2026-27,2026–27 Liga III,,,Q18538278,no,,no second source for this division,"Wikidata gives it only leagues Q18538278, none of them in data/league-tiers.csv, so the club query never sees it. Add a row to data/clubs-manual.csv",missing-from-wikidata
Q138775785,FC Viitorul Onești,RO,,,,,,,https://en.wikipedia.org/wiki/FC_Viitorul_One%C8%99ti,,Liga a III-a,2026-27,2026–27 Liga III,,,none,no,,no second source for this division,"Wikidata gives it no league at all, none of them in data/league-tiers.csv, so the club query never sees it. Add a row to data/clubs-manual.csv",missing-from-wikidata
Q55625920,Fotbal Comuna Recea,RO,,,,,,,https://en.wikipedia.org/wiki/CS_Academica_Recea,,Liga a III-a,2026-27,2026–27 Liga III,,,Q1707697 Q386384,yes,,no second source for this division,"Wikidata marks this club dissolved (P576) and the club query excludes dissolved clubs, so it can never reach the map. Either Wikidata is wrong or the league article is",missing-from-wikidata
Q55621169,ACS Ghiroda,RO,,,,,,,https://en.wikipedia.org/wiki/CSC_Ghiroda,,Liga a III-a,2026-27,2026–27 Liga III,,,Q1707697,no,,no second source for this division,"the club query can see this club - its league is mapped - but neither it nor its ground has a position, so it is dropped at the coordinates gate. This is the route coordinate-review.csv and europlan-online already exist for",unplaced-no-coordinates
Q130224833,ACS USV Iași,RO,,,,,,,https://en.wikipedia.org/wiki/ACS_USV_Ia%C8%99i,,Liga a III-a,2026-27,2026–27 Liga III,,,Q1707697,no,,no second source for this division,"the club query can see this club - its league is mapped - but neither it nor its ground has a position, so it is dropped at the coordinates gate. This is the route coordinate-review.csv and europlan-online already exist for",unplaced-no-coordinates
Q55583785,AFC Odorheiu Secuiesc,RO,,,,,,,https://en.wikipedia.org/wiki/AFC_Odorheiu_Secuiesc,,Liga a III-a,2026-27,2026–27 Liga III,,,Q1707697,no,,no second source for this division,"the club query can see this club - its league is mapped - but neither it nor its ground has a position, so it is dropped at the coordinates gate. This is the route coordinate-review.csv and europlan-online already exist for",unplaced-no-coordinates
Q55585905,Axiopolis Cernavodă,RO,,,,,,,https://en.wikipedia.org/wiki/CS_Axiopolis_Cernavod%C4%83,,Liga a III-a,2026-27,2026–27 Liga III,,,Q1707697,no,,no second source for this division,"the club query can see this club - its league is mapped - but neither it nor its ground has a position, so it is dropped at the coordinates gate. This is the route coordinate-review.csv and europlan-online already exist for",unplaced-no-coordinates
Q106824323,Bradul Putna,RO,,,,,,,https://en.wikipedia.org/wiki/CS_Bradul_Putna,,Liga a III-a,2026-27,2026–27 Liga III,,,Q1707697,no,,no second source for this division,"the club query can see this club - its league is mapped - but neither it nor its ground has a position, so it is dropped at the coordinates gate. This is the route coordinate-review.csv and europlan-online already exist for",unplaced-no-coordinates
Q48844820,CS Blejoi,RO,,,,,,,https://en.wikipedia.org/wiki/CS_Blejoi,,Liga a III-a,2026-27,2026–27 Liga III,,,Q12732182 Q1707697,no,,no second source for this division,"the club query can see this club - its league is mapped - but neither it nor its ground has a position, so it is dropped at the coordinates gate. This is the route coordinate-review.csv and europlan-online already exist for",unplaced-no-coordinates
Q18541813,CS Metalurgistul Cugir,RO,,,,,,,https://en.wikipedia.org/wiki/CS_Metalurgistul_Cugir,,Liga a III-a,2026-27,2026–27 Liga III,,,Q1707697,no,,no second source for this division,"the club query can see this club - its league is mapped - but neither it nor its ground has a position, so it is dropped at the coordinates gate. This is the route coordinate-review.csv and europlan-online already exist for",unplaced-no-coordinates
Q113577645,CS Păulești,RO,,,,,,,https://en.wikipedia.org/wiki/CS_P%C4%83ule%C8%99ti,,Liga a III-a,2026-27,2026–27 Liga III,,,Q1707697,no,,no second source for this division,"the club query can see this club - its league is mapped - but neither it nor its ground has a position, so it is dropped at the coordinates gate. This is the route coordinate-review.csv and europlan-online already exist for",unplaced-no-coordinates
Q39058249,CS Sporting Liești,RO,,,,,,,https://en.wikipedia.org/wiki/CS_Sporting_Lie%C8%99ti,,Liga a III-a,2026-27,2026–27 Liga III,,,Q1707697,no,,no second source for this division,"the club query can see this club - its league is mapped - but neither it nor its ground has a position, so it is dropped at the coordinates gate. This is the route coordinate-review.csv and europlan-online already exist for",unplaced-no-coordinates
Q56676453,CS Tunari,RO,,,,,,,https://en.wikipedia.org/wiki/CS_Tunari,,Liga a III-a,2026-27,2026–27 Liga III,,,Q1707697 Q386384,no,,no second source for this division,"the club query can see this club - its league is mapped - but neither it nor its ground has a position, so it is dropped at the coordinates gate. This is the route coordinate-review.csv and europlan-online already exist for",unplaced-no-coordinates
Q3749047,CSM Alexandria,RO,,,,,,,https://en.wikipedia.org/wiki/CSM_Alexandria,,Liga a III-a,2026-27,2026–27 Liga III,,,Q1707697 Q386384,no,,no second source for this division,"the club query can see this club - its league is mapped - but neither it nor its ground has a position, so it is dropped at the coordinates gate. This is the route coordinate-review.csv and europlan-online already exist for",unplaced-no-coordinates
Q3681572,CSM Cetatea Turnu Măgurele,RO,,,,,,,https://en.wikipedia.org/wiki/CSM_Cetatea_Turnu_M%C4%83gurele,,Liga a III-a,2026-27,2026–27 Liga III,,,Q1707697,no,,no second source for this division,"the club query can see this club - its league is mapped - but neither it nor its ground has a position, so it is dropped at the coordinates gate. This is the route coordinate-review.csv and europlan-online already exist for",unplaced-no-coordinates
Q5014472,CSM Sighetu Marmației,RO,,,,,,,https://en.wikipedia.org/wiki/CSM_Sighetu_Marma%C8%9Biei,,Liga a III-a,2026-27,2026–27 Liga III,,,Q1707697,no,,no second source for this division,"the club query can see this club - its league is mapped - but neither it nor its ground has a position, so it is dropped at the coordinates gate. This is the route coordinate-review.csv and europlan-online already exist for",unplaced-no-coordinates
Q55620895,CSO Filiași,RO,,,,,,,https://en.wikipedia.org/wiki/CSO_Filia%C8%99i,,Liga a III-a,2026-27,2026–27 Liga III,,,Q1707697,no,,no second source for this division,"the club query can see this club - its league is mapped - but neither it nor its ground has a position, so it is dropped at the coordinates gate. This is the route coordinate-review.csv and europlan-online already exist for",unplaced-no-coordinates
Q18539446,CSO Plopeni,RO,,,,,,,https://en.wikipedia.org/wiki/CSO_Plopeni,,Liga a III-a,2026-27,2026–27 Liga III,,,Q1707697,no,,no second source for this division,"the club query can see this club - its league is mapped - but neither it nor its ground has a position, so it is dropped at the coordinates gate. This is the route coordinate-review.csv and europlan-online already exist for",unplaced-no-coordinates
Q61896223,CSU Alba Iulia,RO,,,,,,,https://en.wikipedia.org/wiki/CSU_Alba_Iulia_%28football%29,,Liga a III-a,2026-27,2026–27 Liga III,,,Q1050620 Q12732203 Q1707697,no,,no second source for this division,"the club query can see this club - its league is mapped - but neither it nor its ground has a position, so it is dropped at the coordinates gate. This is the route coordinate-review.csv and europlan-online already exist for",unplaced-no-coordinates
Q120972966,Crișul Sântandrei,RO,,,,,,,https://en.wikipedia.org/wiki/Cri%C8%99ul_S%C3%A2ntandrei,,Liga a III-a,2026-27,2026–27 Liga III,,,Q12732204 Q1707697,no,,no second source for this division,"the club query can see this club - its league is mapped - but neither it nor its ground has a position, so it is dropped at the coordinates gate. This is the route coordinate-review.csv and europlan-online already exist for",unplaced-no-coordinates
Q39058326,FC Aninoasa,RO,,,,,,,https://en.wikipedia.org/wiki/FC_Pucioasa,,Liga a III-a,2026-27,2026–27 Liga III,,,Q1707697,no,,no second source for this division,"the club query can see this club - its league is mapped - but neither it nor its ground has a position, so it is dropped at the coordinates gate. This is the route coordinate-review.csv and europlan-online already exist for",unplaced-no-coordinates
Q3441620,FC Dinamo București II,RO,,,,,,,https://en.wikipedia.org/wiki/FC_Dinamo_Bucure%C8%99ti_II,,Liga a III-a,2026-27,2026–27 Liga III,,,Q1707697,no,,no second source for this division,"the club query can see this club - its league is mapped - but neither it nor its ground has a position, so it is dropped at the coordinates gate. This is the route coordinate-review.csv and europlan-online already exist for",unplaced-no-coordinates
Q5425186,FCSB II,RO,,,,,,,https://en.wikipedia.org/wiki/FCSB_II,,Liga a III-a,2026-27,2026–27 Liga III,,,Q12732209 Q1707697,no,,no second source for this division,"the club query can see this club - its league is mapped - but neither it nor its ground has a position, so it is dropped at the coordinates gate. This is the route coordinate-review.csv and europlan-online already exist for",unplaced-no-coordinates
Q66424148,Lotus Băile Felix,RO,,,,,,,https://en.wikipedia.org/wiki/CS_Lotus_B%C4%83ile_Felix,,Liga a III-a,2026-27,2026–27 Liga III,,,Q12732204 Q1707697,no,,no second source for this division,"the club query can see this club - its league is mapped - but neither it nor its ground has a position, so it is dropped at the coordinates gate. This is the route coordinate-review.csv and europlan-online already exist for",unplaced-no-coordinates
Q66424089,Progresul Pecica,RO,,,,,,,https://en.wikipedia.org/wiki/ACS_Progresul_Pecica,,Liga a III-a,2026-27,2026–27 Liga III,,,Q1707697 Q18541339,no,,no second source for this division,"the club query can see this club - its league is mapped - but neither it nor its ground has a position, so it is dropped at the coordinates gate. This is the route coordinate-review.csv and europlan-online already exist for",unplaced-no-coordinates
Q66423321,Recolta Gheorghe Doja,RO,,,,,,,https://en.wikipedia.org/wiki/ACS_Recolta_Gheorghe_Doja,,Liga a III-a,2026-27,2026–27 Liga III,,,Q12732224 Q1707697,no,,no second source for this division,"the club query can see this club - its league is mapped - but neither it nor its ground has a position, so it is dropped at the coordinates gate. This is the route coordinate-review.csv and europlan-online already exist for",unplaced-no-coordinates
Q55619018,Unirea Bascov,RO,,,,,,,https://en.wikipedia.org/wiki/ACS_Unirea_Bascov,,Liga a III-a,2026-27,2026–27 Liga III,,,Q12732212 Q1707697,no,,no second source for this division,"the club query can see this club - its league is mapped - but neither it nor its ground has a position, so it is dropped at the coordinates gate. This is the route coordinate-review.csv and europlan-online already exist for",unplaced-no-coordinates
Q12723227,Urban Titu,RO,,,,,,,https://en.wikipedia.org/wiki/ACS_Urban_Titu,,Liga a III-a,2026-27,2026–27 Liga III,,,Q12732215 Q1707697,no,,no second source for this division,"the club query can see this club - its league is mapped - but neither it nor its ground has a position, so it is dropped at the coordinates gate. This is the route coordinate-review.csv and europlan-online already exist for",unplaced-no-coordinates
Q5424763,Avântul Reghin,RO,,,,,,,,,Liga a III-a,2026-27,2026–27 Liga III,,3,Q1707697,yes,,no second source for this division,"the map has this club at this tier and the league does not list it. Either its P118 is stale and it belongs at another tier, or the league article links it under a title the sitelink hop did not resolve",extra-not-in-roster
Q18537232,Bucovina Rădăuți,RO,,,,,,,,,Liga a III-a,2026-27,2026–27 Liga III,,3,Q1707697,yes,,no second source for this division,"the map has this club at this tier and the league does not list it. Either its P118 is stale and it belongs at another tier, or the league article links it under a title the sitelink hop did not resolve",extra-not-in-roster
Q2932010,CS Medgidia,RO,,,,,,,,,Liga a III-a,2026-27,2026–27 Liga III,,3,Q1707697,yes,,no second source for this division,"the map has this club at this tier and the league does not list it. Either its P118 is stale and it belongs at another tier, or the league article links it under a title the sitelink hop did not resolve",extra-not-in-roster
Q15920568,CS Național Sebiș,RO,,,,,,,,,Liga a III-a,2026-27,2026–27 Liga III,,3,Q1707697,yes,,no second source for this division,"the map has this club at this tier and the league does not list it. Either its P118 is stale and it belongs at another tier, or the league article links it under a title the sitelink hop did not resolve",extra-not-in-roster
Q16850839,CS Știința Miroslava,RO,,,,,,,,,Liga a III-a,2026-27,2026–27 Liga III,,3,Q1707697,yes,,no second source for this division,"the map has this club at this tier and the league does not list it. Either its P118 is stale and it belongs at another tier, or the league article links it under a title the sitelink hop did not resolve",extra-not-in-roster
Q99446805,CSM Olimpia Satu Mare,RO,,,,,,,,,Liga a III-a,2026-27,2026–27 Liga III,,3,Q1707697,yes,,no second source for this division,"the map has this club at this tier and the league does not list it. Either its P118 is stale and it belongs at another tier, or the league article links it under a title the sitelink hop did not resolve",extra-not-in-roster
Q639046,Dacia Unirea Brăila,RO,,,,,,,,,Liga a III-a,2026-27,2026–27 Liga III,,3,Q1707697,yes,,no second source for this division,"the map has this club at this tier and the league does not list it. Either its P118 is stale and it belongs at another tier, or the league article links it under a title the sitelink hop did not resolve",extra-not-in-roster
Q4683227,FC Rapid II București,RO,,,,,,,,,Liga a III-a,2026-27,2026–27 Liga III,,3,Q1707697,yes,,no second source for this division,"the map has this club at this tier and the league does not list it. Either its P118 is stale and it belongs at another tier, or the league article links it under a title the sitelink hop did not resolve",extra-not-in-roster
Q584629,FCU Craiova,RO,,,,,,,,,Liga a III-a,2026-27,2026–27 Liga III,,3,Q1707697,yes,,no second source for this division,"the map has this club at this tier and the league does not list it. Either its P118 is stale and it belongs at another tier, or the league article links it under a title the sitelink hop did not resolve",extra-not-in-roster
Q629277,Olimpia MCMXXI Satu Mare,RO,,,,,,,,,Liga a III-a,2026-27,2026–27 Liga III,,3,Q1707697,yes,,no second source for this division,"the map has this club at this tier and the league does not list it. Either its P118 is stale and it belongs at another tier, or the league article links it under a title the sitelink hop did not resolve",extra-not-in-roster
Q107724768,SR Brașov,RO,,,,,,,,,Liga a III-a,2026-27,2026–27 Liga III,,3,Q1707697,yes,,no second source for this division,"the map has this club at this tier and the league does not list it. Either its P118 is stale and it belongs at another tier, or the league article links it under a title the sitelink hop did not resolve",extra-not-in-roster
Q5425107,Știința Poli Timișoara II,RO,,,,,,,,,Liga a III-a,2026-27,2026–27 Liga III,,3,Q1707697,yes,,no second source for this division,"the map has this club at this tier and the league does not list it. Either its P118 is stale and it belongs at another tier, or the league article links it under a title the sitelink hop did not resolve",extra-not-in-roster
Q7579573,ACS ARO Muscelul Câmpulung,RO,,,,,,,https://en.wikipedia.org/wiki/ARO_Muscelul_C%C3%A2mpulung,,Liga a III-a,2026-27,2026–27 Liga III,,3,Q12732212 Q1707697,no,,no second source for this division,in the division and on the map at this tier,ok
Q113331350,ACS Mediaș 2022,RO,,,,,,,https://en.wikipedia.org/wiki/ACS_Media%C8%99,,Liga a III-a,2026-27,2026–27 Liga III,,3,Q1707697 Q18547858,no,,no second source for this division,in the division and on the map at this tier,ok
Q55864953,ACS Înainte Modelu,RO,,,,,,,https://en.wikipedia.org/wiki/ACS_%C3%8Enainte_Modelu,,Liga a III-a,2026-27,2026–27 Liga III,,3,Q1707697,no,,no second source for this division,in the division and on the map at this tier,ok
Q4654138,ASC Corona 2010 Brașov,RO,,,,,,,https://en.wikipedia.org/wiki/CSM_Corona_Bra%C8%99ov_%28football%29,,Liga a III-a,2026-27,2026–27 Liga III,,3,Q1707697 Q1824566 Q18538278 Q386384,yes,,no second source for this division,in the division and on the map at this tier,ok
Q5014447,Aerostar Bacău,RO,,,,,,,https://en.wikipedia.org/wiki/CS_Aerostar_Bac%C4%83u,,Liga a III-a,2026-27,2026–27 Liga III,,3,Q1707697 Q386384,yes,,no second source for this division,in the division and on the map at this tier,ok
Q5014453,CS Inter Ilfov,RO,,,,,,,https://en.wikipedia.org/wiki/ACS_Inter_Ilfov,,Liga a III-a,2026-27,2026–27 Liga III,,3,Q1707697 Q237753,yes,,no second source for this division,in the division and on the map at this tier,ok
Q1575208,CS Minerul Lupeni,RO,,,,,,,https://en.wikipedia.org/wiki/ACS_Minerul_Lupeni,,Liga a III-a,2026-27,2026–27 Liga III,,3,Q12732223 Q1707697 Q386384,yes,,no second source for this division,in the division and on the map at this tier,ok
Q1463313,CS Sănătatea Servicii Publice Cluj,RO,,,,,,,https://en.wikipedia.org/wiki/CS_S%C4%83n%C4%83tatea_Servicii_Publice_Cluj,,Liga a III-a,2026-27,2026–27 Liga III,,3,Q1707697,yes,,no second source for this division,in the division and on the map at this tier,ok
Q924296,CSM Ceahlăul Piatra Neamț,RO,,,,,,,https://en.wikipedia.org/wiki/CSM_Ceahl%C4%83ul_Piatra_Neam%C8%9B,,Liga a III-a,2026-27,2026–27 Liga III,,3,Q1707697 Q18544279 Q386384,yes,,no second source for this division,in the division and on the map at this tier,ok
Q19902101,CSM Deva,RO,,,,,,,https://en.wikipedia.org/wiki/CSM_Deva,,Liga a III-a,2026-27,2026–27 Liga III,,3,Q1707697,yes,,no second source for this division,in the division and on the map at this tier,ok
Q1426344,CSM Flacăra Moreni,RO,,,,,,,https://en.wikipedia.org/wiki/CSM_Flac%C4%83ra_Moreni,,Liga a III-a,2026-27,2026–27 Liga III,,3,Q1707697,yes,,no second source for this division,in the division and on the map at this tier,ok
Q1024393,CSM Pașcani,RO,,,,,,,https://en.wikipedia.org/wiki/CSM_Pa%C8%99cani,,Liga a III-a,2026-27,2026–27 Liga III,,3,Q12732221 Q1707697,yes,,no second source for this division,in the division and on the map at this tier,ok
Q5014181,CSM Râmnicu Sărat,RO,,,,,,,https://en.wikipedia.org/wiki/CSM_R%C3%A2mnicu_S%C4%83rat,,Liga a III-a,2026-27,2026–27 Liga III,,3,Q12732211 Q1707697,yes,,no second source for this division,in the division and on the map at this tier,ok
Q130302376,CSM Târgu Jiu,RO,,,,,,,https://en.wikipedia.org/wiki/CSM_T%C3%A2rgu_Jiu_%28football%29,,Liga a III-a,2026-27,2026–27 Liga III,,3,Q1707697,yes,,no second source for this division,in the division and on the map at this tier,ok
Q512961,CSM Unirea Alba Iulia,RO,,,,,,,https://en.wikipedia.org/wiki/CSM_Unirea_Alba_Iulia,,Liga a III-a,2026-27,2026–27 Liga III,,3,Q1707697,yes,,no second source for this division,in the division and on the map at this tier,ok
Q118904605,CSM Vaslui,RO,,,,,,,https://en.wikipedia.org/wiki/CSM_Vaslui_%28football%29,,Liga a III-a,2026-27,2026–27 Liga III,,3,Q1707697,no,,no second source for this division,in the division and on the map at this tier,ok
Q120784310,CSO Băicoi,RO,,,,,,,https://en.wikipedia.org/wiki/CSO_B%C4%83icoi,,Liga a III-a,2026-27,2026–27 Liga III,,3,Q1707697,no,,no second source for this division,in the division and on the map at this tier,ok
Q5014496,CSO Tricolorul Breaza,RO,,,,,,,https://en.wikipedia.org/wiki/CSO_Tricolorul_Breaza,,Liga a III-a,2026-27,2026–27 Liga III,,3,Q12732182 Q1707697,yes,,no second source for this division,in the division and on the map at this tier,ok
Q4680389,FC Dunărea Călărași,RO,,,,,,,https://en.wikipedia.org/wiki/FC_Dun%C4%83rea_C%C4%83l%C4%83ra%C8%99i,,Liga a III-a,2026-27,2026–27 Liga III,,3,Q1707697 Q237753 Q386384,yes,,no second source for this division,in the division and on the map at this tier,ok
Q1689705,FC Jiul Petroșani,RO,,,,,,,https://en.wikipedia.org/wiki/CSM_Jiul_Petro%C8%99ani,,Liga a III-a,2026-27,2026–27 Liga III,,3,Q1707697,yes,,no second source for this division,in the division and on the map at this tier,ok
Q966392,FC Unirea Dej,RO,,,,,,,https://en.wikipedia.org/wiki/Unirea_Dej,,Liga a III-a,2026-27,2026–27 Liga III,,3,Q1707697 Q386384,yes,,no second source for this division,in the division and on the map at this tier,ok
Q55583717,KSE Târgu Secuiesc,RO,,,,,,,https://en.wikipedia.org/wiki/KSE_T%C3%A2rgu_Secuiesc,,Liga a III-a,2026-27,2026–27 Liga III,,3,Q12732217 Q1707697,no,,no second source for this division,in the division and on the map at this tier,ok
Q135627364,Minaur Baia Mare,RO,,,,,,,https://en.wikipedia.org/wiki/CS_Minaur_Baia_Mare_%28football%29,,Liga a III-a,2026-27,2026–27 Liga III,,3,Q1707697 Q18541679 Q386384,yes,,no second source for this division,in the division and on the map at this tier,ok
Q130199486,Oltul Curtișoara,RO,,,,,,,https://en.wikipedia.org/wiki/ACS_Oltul_Curti%C8%99oara,,Liga a III-a,2026-27,2026–27 Liga III,,3,Q12732229 Q1707697,no,,no second source for this division,in the division and on the map at this tier,ok
Q55585581,Progresul Spartac,RO,,,,,,,https://en.wikipedia.org/wiki/AFC_Progresul_Spartac_Bucure%C8%99ti,,Liga a III-a,2026-27,2026–27 Liga III,,3,Q1707697 Q386384,yes,,no second source for this division,in the division and on the map at this tier,ok
Q66424146,SCM Zalău,RO,,,,,,,https://en.wikipedia.org/wiki/SCM_Zal%C4%83u,,Liga a III-a,2026-27,2026–27 Liga III,,3,Q1707697 Q18548358,no,,no second source for this division,in the division and on the map at this tier,ok
Q205998,CFR Cluj,RO,,,,,,,https://en.wikipedia.org/wiki/CFR_Cluj,,SuperLiga Romaniei,2026-27,2026–27 Liga I,22198,1,Q237753,yes,,no second source for this division,in the division and on the map at this tier,ok
Q16838020,CS Universitatea Craiova,RO,,,,,,,https://en.wikipedia.org/wiki/CS_Universitatea_Craiova,,SuperLiga Romaniei,2026-27,2026–27 Liga I,30983,1,Q237753,yes,,no second source for this division,in the division and on the map at this tier,ok
Q841245,FC Argeș,RO,,,,,,,https://en.wikipedia.org/wiki/FC_Arge%C8%99_Pite%C8%99ti,,SuperLiga Romaniei,2026-27,2026–27 Liga I,11000,1,Q237753 Q386384,yes,,no second source for this division,in the division and on the map at this tier,ok
Q1262822,FC Botoșani,RO,,,,,,,https://en.wikipedia.org/wiki/FC_Boto%C8%99ani,,SuperLiga Romaniei,2026-27,2026–27 Liga I,7782,1,Q237753 Q386384,yes,,no second source for this division,in the division and on the map at this tier,ok
Q1135735,FC Corvinul Hunedoara,RO,,,,,,,https://en.wikipedia.org/wiki/FC_Corvinul_Hunedoara,,SuperLiga Romaniei,2026-27,2026–27 Liga I,11500,1,Q1707697 Q237753,yes,,no second source for this division,in the division and on the map at this tier,ok
Q204237,FC Dinamo Bucharest,RO,,,,,,,https://en.wikipedia.org/wiki/FC_Dinamo_Bucure%C8%99ti,,SuperLiga Romaniei,2026-27,2026–27 Liga I,8207,1,Q237753 Q386384,yes,,no second source for this division,in the division and on the map at this tier,ok
Q1322550,FC Petrolul Ploiești,RO,,,,,,,https://en.wikipedia.org/wiki/FC_Petrolul_Ploie%C8%99ti,,SuperLiga Romaniei,2026-27,2026–27 Liga I,15073,1,Q12732182 Q1707697 Q237753 Q386384,yes,,no second source for this division,in the division and on the map at this tier,ok
Q245162,FC Rapid București,RO,,,,,,,https://en.wikipedia.org/wiki/FC_Rapid_Bucure%C8%99ti,,SuperLiga Romaniei,2026-27,2026–27 Liga I,14047,1,Q12732209 Q1707697 Q237753 Q386384,yes,,no second source for this division,in the division and on the map at this tier,ok
Q680770,FC UTA Arad,RO,,,,,,,https://en.wikipedia.org/wiki/FC_UTA_Arad,,SuperLiga Romaniei,2026-27,2026–27 Liga I,11500,1,Q237753 Q386384,yes,,no second source for this division,in the division and on the map at this tier,ok
Q753462,FC Universitatea Cluj,RO,,,,,,,https://en.wikipedia.org/wiki/FC_Universitatea_Cluj,,SuperLiga Romaniei,2026-27,2026–27 Liga I,30355,1,Q12732210 Q1707697 Q237753 Q386384,yes,,no second source for this division,in the division and on the map at this tier,ok
Q18129096,FC Voluntari,RO,,,,,,,https://en.wikipedia.org/wiki/FC_Voluntari,,SuperLiga Romaniei,2026-27,2026–27 Liga I,4518,1,Q237753 Q386384,yes,,no second source for this division,in the division and on the map at this tier,ok
Q179658,FCSB,RO,,,,,,,https://en.wikipedia.org/wiki/FCSB,,SuperLiga Romaniei,2026-27,2026–27 Liga I,55634,1,Q237753,yes,,no second source for this division,in the division and on the map at this tier,ok
Q23051672,FK Csíkszereda,RO,,,,,,,https://en.wikipedia.org/wiki/FK_Cs%C3%ADkszereda_Miercurea_Ciuc,,SuperLiga Romaniei,2026-27,2026–27 Liga I,2480,1,Q1707697 Q237753 Q386384,yes,,no second source for this division,in the division and on the map at this tier,ok
Q220863,SC Oțelul Galați,RO,,,,,,,https://en.wikipedia.org/wiki/ASC_O%C8%9Belul_Gala%C8%9Bi,,SuperLiga Romaniei,2026-27,2026–27 Liga I,13500,1,Q1707697 Q237753 Q386384,yes,,no second source for this division,in the division and on the map at this tier,ok
Q368104,SSC Farul Constanța,RO,,,,,,,https://en.wikipedia.org/wiki/FCV_Farul_Constan%C8%9Ba,,SuperLiga Romaniei,2026-27,2026–27 Liga I,4554,1,Q1707697 Q386384,yes,,no second source for this division,in the division and on the map at this tier,ok
Q20429561,Sepsi OSK Sfântu Gheorghe,RO,,,,,,,https://en.wikipedia.org/wiki/Sepsi_OSK_Sf%C3%A2ntu_Gheorghe,,SuperLiga Romaniei,2026-27,2026–27 Liga I,8400,1,Q237753 Q386384,yes,,no second source for this division,in the division and on the map at this tier,ok
Q1388917,FK Jedinstvo Ub,RS,,,,,,,https://en.wikipedia.org/wiki/FK_Jedinstvo_Ub,,First League (Serbia),2026-27,2026–27 Serbian First League,4000,,Q1813595 Q235307 Q388568,no,,no second source for this division,"the club query can see this club - its league is mapped - but neither it nor its ground has a position, so it is dropped at the coordinates gate. This is the route coordinate-review.csv and europlan-online already exist for",unplaced-no-coordinates
Q2123289,FK Bor,RS,,,,,,,https://en.wikipedia.org/wiki/FK_Bor_1919,,First League (Serbia),2026-27,2026–27 Serbian First League,10331,2,Q7227416,yes,,no second source for this division,in the division and on the map at this tier,ok
Q754310,FK Borac Čačak,RS,,,,,,,https://en.wikipedia.org/wiki/FK_Borac_1926,,First League (Serbia),2026-27,2026–27 Serbian First League,8000,2,Q1813595,yes,,no second source for this division,in the division and on the map at this tier,ok
Q218724,FK Javor Ivanjica,RS,,,,,,,https://en.wikipedia.org/wiki/FK_Javor_Ivanjica,,First League (Serbia),2026-27,2026–27 Serbian First League,5000,2,Q1813595 Q235307,yes,,no second source for this division,in the division and on the map at this tier,ok
Q4863629,FK Loznica,RS,,,,,,,https://en.wikipedia.org/wiki/FK_Loznica,,First League (Serbia),2026-27,2026–27 Serbian First League,8030,2,Q388568,no,,no second source for this division,in the division and on the map at this tier,ok
Q687178,FK Metalac Gornji Milanovac,RS,,,,,,,https://en.wikipedia.org/wiki/FK_Metalac_Gornji_Milanovac,,First League (Serbia),2026-27,2026–27 Serbian First League,4500,2,Q1813595 Q235307,yes,,no second source for this division,in the division and on the map at this tier,ok
Q843210,FK Napredak Kruševac,RS,,,,,,,https://en.wikipedia.org/wiki/FK_Napredak_Kru%C5%A1evac,,First League (Serbia),2026-27,2026–27 Serbian First League,10331,2,Q1813595 Q235307,yes,,no second source for this division,in the division and on the map at this tier,ok
Q140302346,FK Proleter 023,RS,,,,,,,https://en.wikipedia.org/wiki/FK_Proleter_023,,First League (Serbia),2026-27,2026–27 Serbian First League,13500,2,none,no,,no second source for this division,in the division and on the map at this tier,ok
Q421940,FK Smederevo 1924,RS,,,,,,,https://en.wikipedia.org/wiki/FK_Smederevo_1924,,First League (Serbia),2026-27,2026–27 Serbian First League,17200,2,Q235307,yes,,no second source for this division,in the division and on the map at this tier,ok
Q94605,FK Spartak Subotica,RS,,,,,,,https://en.wikipedia.org/wiki/FK_Spartak_Subotica,,First League (Serbia),2026-27,2026–27 Serbian First League,13000,2,Q235307,yes,,no second source for this division,in the division and on the map at this tier,ok
Q828297,FK TSC,RS,,,,,,,https://en.wikipedia.org/wiki/FK_TSC,,First League (Serbia),2026-27,2026–27 Serbian First League,4500,2,Q1813595 Q2031674 Q235307,no,,no second source for this division,in the division and on the map at this tier,ok
Q2184917,FK Teleoptik,RS,,,,,,,https://en.wikipedia.org/wiki/FK_Teleoptik,,First League (Serbia),2026-27,2026–27 Serbian First League,2000,2,Q1813595,yes,,no second source for this division,in the division and on the map at this tier,ok
Q1389125,FK Voždovac,RS,,,,,,,https://en.wikipedia.org/wiki/FK_Vo%C5%BEdovac,,First League (Serbia),2026-27,2026–27 Serbian First League,5200,2,Q1813595 Q235307,yes,,no second source for this division,in the division and on the map at this tier,ok
Q5426131,GFK Dubočica,RS,,,,,,,https://en.wikipedia.org/wiki/GFK_Dubo%C4%8Dica,,First League (Serbia),2026-27,2026–27 Serbian First League,8136,2,Q694079,no,,no second source for this division,in the division and on the map at this tier,ok
Q61130291,OFK Vršac,RS,,,,,,,https://en.wikipedia.org/wiki/OFK_Vr%C5%A1ac,,First League (Serbia),2026-27,2026–27 Serbian First League,5000,2,none,no,,no second source for this division,in the division and on the map at this tier,ok
Q3063273,RFK Grafičar Beograd,RS,,,,,,,https://en.wikipedia.org/wiki/RFK_Grafi%C4%8Dar_Beograd,,First League (Serbia),2026-27,2026–27 Serbian First League,1000,2,Q1506296,no,,no second source for this division,in the division and on the map at this tier,ok
Q1323373,FK Zemun,RS,,,,,,,https://en.wikipedia.org/wiki/FK_Zemun,,SuperLiga (Serbia),2026-27,2026–27 Serbian SuperLiga,4000,,Q1506296,yes,,no second source for this division,"a hand row in data/clubs-manual.csv clears this club's position on purpose, so it is off the map by decision - the row's note says why and what brings it back",unplaced-no-coordinates
Q173009,FK Crvena zvezda,RS,,,,,,,https://en.wikipedia.org/wiki/Red_Star_Belgrade,,SuperLiga (Serbia),2026-27,2026–27 Serbian SuperLiga,49167,1,Q235307,yes,,no second source for this division,in the division and on the map at this tier,ok
Q31181880,FK IMT,RS,,,,,,,https://en.wikipedia.org/wiki/FK_IMT,,SuperLiga (Serbia),2026-27,2026–27 Serbian SuperLiga,8030,1,Q235307,no,,no second source for this division,in the division and on the map at this tier,ok
Q2614598,FK Mačva Šabac,RS,,,,,,,https://en.wikipedia.org/wiki/FK_Ma%C4%8Dva_%C5%A0abac,,SuperLiga (Serbia),2026-27,2026–27 Serbian SuperLiga,5500,1,Q1813595 Q235307 Q388568,no,,no second source for this division,in the division and on the map at this tier,ok
Q1945740,FK Mladost Lučani,RS,,,,,,,https://en.wikipedia.org/wiki/FK_Mladost_Lu%C4%8Dani,,SuperLiga (Serbia),2026-27,2026–27 Serbian SuperLiga,6000,1,Q1813595 Q235307,yes,,no second source for this division,in the division and on the map at this tier,ok
Q995069,FK Novi Pazar,RS,,,,,,,https://en.wikipedia.org/wiki/FK_Novi_Pazar,,SuperLiga (Serbia),2026-27,2026–27 Serbian SuperLiga,10000,1,Q235307,yes,,no second source for this division,in the division and on the map at this tier,ok
Q188656,FK Partizan,RS,,,,,,,https://en.wikipedia.org/wiki/FK_Partizan,,SuperLiga (Serbia),2026-27,2026–27 Serbian SuperLiga,29775,1,Q235307,yes,,no second source for this division,in the division and on the map at this tier,ok
Q5426356,FK Radnik Surdulica,RS,,,,,,,https://en.wikipedia.org/wiki/FK_Radnik_Surdulica,,SuperLiga (Serbia),2026-27,2026–27 Serbian SuperLiga,3312,1,Q1813595 Q235307,yes,,no second source for this division,in the division and on the map at this tier,ok
Q421665,FK Radnički 1923,RS,,,,,,,https://en.wikipedia.org/wiki/FK_Radni%C4%8Dki_1923,,SuperLiga (Serbia),2026-27,2026–27 Serbian SuperLiga,15100,1,Q1813595 Q235307 Q388568,yes,,no second source for this division,in the division and on the map at this tier,ok
Q1137993,FK Radnički Niš,RS,,,,,,,https://en.wikipedia.org/wiki/FK_Radni%C4%8Dki_Ni%C5%A1,,SuperLiga (Serbia),2026-27,2026–27 Serbian SuperLiga,18151,1,Q235307,yes,,no second source for this division,in the division and on the map at this tier,ok
Q207501,FK Vojvodina,RS,,,,,,,https://en.wikipedia.org/wiki/FK_Vojvodina,,SuperLiga (Serbia),2026-27,2026–27 Serbian SuperLiga,14458,1,Q235307,yes,,no second source for this division,in the division and on the map at this tier,ok
Q213161,FK Čukarički,RS,,,,,,,https://en.wikipedia.org/wiki/FK_%C4%8Cukari%C4%8Dki,,SuperLiga (Serbia),2026-27,2026–27 Serbian SuperLiga,4070,1,Q1813595 Q235307,yes,,no second source for this division,in the division and on the map at this tier,ok
Q12760457,FK Železničar Pančevo,RS,,,,,,,https://en.wikipedia.org/wiki/FK_%C5%BDelezni%C4%8Dar_Pan%C4%8Devo,,SuperLiga (Serbia),2026-27,2026–27 Serbian SuperLiga,2967,1,Q235307,no,,no second source for this division,in the division and on the map at this tier,ok
Q209619,OFK Beograd,RS,,,,,,,https://en.wikipedia.org/wiki/OFK_Beograd,,SuperLiga (Serbia),2026-27,2026–27 Serbian SuperLiga,3000,1,Q1506296 Q1813595 Q235307,yes,,no second source for this division,in the division and on the map at this tier,ok
