clubQid,name,country,tier,venue,capacity,lat,lon,ticketUrl,source,note
Q55618976,CSC Dumbrăvița,RO,2,Stadionul Ștefan Dobay,1000,45.799167,21.249778,https://cscdumbravita.ro/,https://en.wikipedia.org/wiki/CSC_Dumbravita,"Liga 2 since 2022 - 500 of the 1000 are seats; Wikidata has the club but no coordinates for it, which is why it never reached the map"
Q4654417,Știința Poli Timișoara,RO,,Stadionul Electrica,2000,45.769028,21.254440,,https://www.primariatm.ro/2026/06/30/baza-electrica,Dan Păltinișanu demolished - Electrica homologated for Liga 2 in Jun 2026 at 2000 (Wikipedia lists 5000 total); moves to Eroii Timișoarei (10101) once omologated
Q113577526,CS Dinamo București,RO,,CNF Buftea,1600,44.5481,25.9811,,https://www.wikidata.org/wiki/Q7596368,"Not a duplicate of Q204237. CS Dinamo Bucuresti is a separate club, currently in Liga 2, established by Alexandru from its Wikipedia article and the club's own csdinamofotbal accounts. Wikidata gives the club item the senior club's ground by mistake - its P115 is Q1226240, Stadionul Dinamo - and the capacity and coordinates follow from that. Name, venue, capacity and now coordinates are corrected here. The coordinates 44.5481/25.9811 are Q7596368's own P625, read on 2026-09-19 from a GitHub runner because the session doing the work could not reach wikidata.org. That is 14.1 km from Stadionul Dinamo, so the two Dinamos are now two separate pins. CAPACITY DISAGREES AND IS NOT CHANGED: Q7596368 says 450, the 1600 here is Alexandru's and wins. Worth a look - either Wikidata is low, or Q7596368 Stadionul Buftea is not the same ground as the CNF Buftea pitch the club actually uses. The coordinate is trusted because this row already named Q7596368 as its source."
Q14551982,SSV Ulm 1846,DE,4,,,,,,https://en.wikipedia.org/wiki/2026%E2%80%9327_in_German_football,"Relegated from 3. Liga to Regionalliga in summer 2026. This is the item that survives the duplicate check: read on 2026-09-19 it has 21 Wikipedia sitelinks against Q701290's 14, so Q701290 gets the skip row. Its own P118 is still 2. Bundesliga and 3. Liga, which is why the tier 4 correction has to stay."
Q310608,SC Fortuna Köln,DE,3,,,,,,https://en.wikipedia.org/wiki/2026%E2%80%9327_in_German_football,Promoted from Regionalliga to 3. Liga in summer 2026
Q692755,SG Sonnenhof Großaspach,DE,3,,,,,,https://en.wikipedia.org/wiki/2026%E2%80%9327_in_German_football,Promoted from Regionalliga to 3. Liga in summer 2026
Q97905930,Hamburger SV,DE,skip,,,,,,https://www.wikidata.org/wiki/Q97905930,Duplicate Wikidata item - Q51974 is the real Hamburger SV at tier 1; this one repeats the same ground and name at tier 2
Q28936927,1. FC Lokomotive Leipzig,DE,skip,,,,,,https://www.wikidata.org/wiki/Q28936927,"Duplicate Wikidata item - Q162317 is the real one (39 Wikipedia sitelinks against 2); both carry the same name, league, ground, capacity and coordinates"
Q17321080,DJK Vilzing,DE,4,Manfred Zollner Stadion,,49.175929,12.669127,,https://www.openstreetmap.org/node/13043406139,Coordinates from OpenStreetMap; ground's operator tag names the club directly (confident match in coordinate-review.csv)
Q2207914,SSV Jeddeloh,DE,4,Haskamp Arena,,53.09117,8.057975,,https://www.openstreetmap.org/way/1121559196,Coordinates from OpenStreetMap; ground's operator tag names the club directly (confident match in coordinate-review.csv)
Q15843660,SV Rödinghausen,DE,4,Häcker-Wiehenstadion,,52.249456,8.506655,,https://www.openstreetmap.org/way/909365791,Coordinates from OpenStreetMap; ground's operator tag names the club directly (confident match in coordinate-review.csv)
Q479340,TSV 1896 Rain,DE,4,Georg-Weber-Stadion,,48.69474,10.907072,,https://www.openstreetmap.org/way/1375425515,Coordinates from OpenStreetMap; ground's operator tag names the club directly (confident match in coordinate-review.csv)
Q479366,VfB Auerbach,DE,4,Arena zur Vogtlandweide,,50.506196,12.38675,,https://www.openstreetmap.org/way/72745820,Coordinates from OpenStreetMap; ground's operator tag names the club directly (confident match in coordinate-review.csv)
Q479321,FV Illertissen,DE,4,Vöhlinstadion,,48.217941,10.092186,,https://www.openstreetmap.org/way/1301973503,"Coordinates from OpenStreetMap; confident row in coordinate-review.csv - the stadium is 1.1 km from the middle of Illertissen, the town in the club's name"
Q2208389,SV Eichede,DE,4,Ernst-Wagener-Stadion,,53.720317,10.4138,,https://www.openstreetmap.org/way/26487966,"Coordinates from OpenStreetMap; confident row in coordinate-review.csv - this named football pitch is 0.6 km from the middle of Eichede, the village in the club's name"
Q324983,SV Heimstetten,DE,4,Stadion im ATS-Sportpark,2800,48.162078,11.748226,,https://www.europlan-online.de/stadion-im-sportpark-heimstetten/stadion-746.html,"Am Sportpark 2, 85551 Kirchheim bei München. Capacity cross-checked against the club site and Wikipedia, which both say 2800; Soccerway's 3100 is the outlier. Rejects the coordinate-review.csv proposal of Sporttraum München (way/388183624), which is a commercial sports centre, not the club's ground"
Q831867,SC Weiche Flensburg 08,DE,4,Manfred-Werner-Stadion,2500,54.760405,9.406829,,https://www.europlan-online.de/manfred-werner-stadion/stadion-675.html,"Bredstedter Str. 2, 24941 Flensburg. 4000 total capacity, 2500 licensed for match use - the licensed figure is the one that decides whether a match sells out. Club renamed from ETSV Weiche, which is still the Wikidata label. Rejects the coordinate-review.csv proposal of the GP JOULE Arena (way/25020637), a different ground"
Q2205582,SC Veltheim,DE,skip,,,,,,https://www.fvrz.ch/fussballverband-region-zuerich/vereine-fvrz/verein-fvrz.aspx/v-1556/,"Not a German club and not a 3. Liga club. The only reason it reaches this map is a league tag on its Wikidata item pointing at Q154069, the German 3. Liga. The club is the Swiss SC Veltheim from the Veltheim district of Winterthur, registered with the Fussballverband Region Zuerich as club 1556 and playing in the Swiss 2. Liga, so that tag is a wrong link - most likely the Swiss 3. Liga was meant. Established 2026-09-18 from two web searches agreeing on the club, its town and its league; the fvrz.ch and Wikipedia pages themselves could not be opened from the machine that checked this, so re-read them before relying on the Swiss league named here. The skip itself does not depend on it: whichever Swiss league is meant, the club does not belong on a German tier-3 map."
Q701290,SSV Ulm 1846,DE,skip,,,,,,https://www.wikidata.org/wiki/Q701290,"Second Wikidata item for SSV Ulm 1846, and the one that loses the sitelink test used for Lok Leipzig: 14 Wikipedia sitelinks against Q14551982's 21, read on 2026-09-19. Same ground (Q322858 Donaustadion) and same capacity as Q14551982. NOT A PLAIN DUPLICATE, though, and worth knowing for the next one: Q701290 is labelled 'SSV Ulm 1846' and typed sports club and multisports club, while Q14551982 is labelled 'SSV Ulm 1846 Fussball' and typed association football club - so this looks like the parent club beside its football department, not one club entered twice. Either reading gives the same answer on a football map: keep the football item, skip this one."
Q7671747,TSV 1860 München II,DE,5,<clear>,,<clear>,<clear>,,https://www.wikidata.org/wiki/Q7671747,"Bayernliga Sud, tier 5. Wikidata still tags it Regionalliga Bayern (Q340179), which is why it arrives at tier 4. THE GROUND IS CLEARED, NOT LEFT BLANK: venue, lat and lon read <clear>, which removes Wikidata's claim of the Grunwalder (P115 Q254903) and its coordinates 48.110833/11.574444 and puts nothing in their place. Those are the senior club's, copied onto this item the same way CS Dinamo above was given Stadionul Dinamo, and none of it is verified. With no coordinates the club drops off the map entirely, exactly as if no source had ever placed it - which is right, because nobody knows where this team plays. Put the real ground and its coordinates into these three cells and it comes back. The capacity cell is left alone on purpose: 15000 is the Grunwalder's and just as wrong, but a club with no coordinates is not written to DE.json at all, so that figure now reaches nothing. Clear it too if the club ever returns without a confirmed capacity."
Q1387764,FC Triesenberg,DE,skip,,,,,,https://www.wikidata.org/wiki/Q1387764,"Not a German club and not a 3. Liga club, the same mistake as SC Veltheim above. Confirmed on 2026-09-19 from the item itself, read on a GitHub runner: P17 country is Q347, Liechtenstein, and P118 carries both Q24448 '2. Liga' and Q154069, the German 3. Liga. Its ground Q2135126 Sportanlage Leitawis is at 47.1145/9.5401, which is in Liechtenstein. Liechtenstein has no league of its own and its clubs play in the Swiss pyramid, so Q154069 is a wrong link - most likely the Swiss 3. Liga was meant, the same confusion as Veltheim's. The skip does not depend on which Swiss league is meant: the club does not belong on a German tier-3 map."
Q151747,Fortuna Düsseldorf,DE,,,54600,,,,"ticketpiloten.de, and the Merkur Spiel-Arena's own site","Wikidata's 9917 is the standing-room figure on its own, not the ground's total. 54600 is the full capacity, given by Alexandru from ticketpiloten.de and the arena's own site. OpenStreetMap already had 54600, so the two now agree - this was the worst row in capacity-review.csv, 82% apart. Neither source page could be opened from the machine that made this edit, so the figure rests on Alexandru's reading of them."
Q157463,1. FC Saarbrücken,DE,,,16000,,,,"sportschau.de, liga3-online.de","Wikidata's 35303 is not the Ludwigsparkstadion's current capacity. 16000 is, given by Alexandru from sportschau.de and liga3-online.de; OpenStreetMap's 16003 agrees to within three seats. AN EXPANSION TOWARD 18500 IS APPROVED BUT NOT YET UNDER WAY, so 18500 is deliberately NOT entered here and no date is given for it - put it in once the ground actually holds that many. Neither source page could be opened from the machine that made this edit."
Q162317,1. FC Lokomotive Leipzig,DE,,,12321,,,,pulsleipzig.de,"Wikidata says 7000 for the Bruno-Plache-Stadion. 12321 is Alexandru's figure from pulsleipzig.de, and it matches OpenStreetMap's 12321 exactly, which is what settles it - capacity-review.csv had the two sources 43% apart. Note this is the surviving Lok Leipzig item; Q28936927 is the duplicate and has a skip row above. The source page could not be opened from the machine that made this edit."
Q105853,Karlsruher SC,DE,,,33180,,,,ksc.de,"33180 is the club's own announced matchday capacity for the 2025/26 season, from ksc.de. THE GROUND HOLDS MORE THAN THIS: its total physical capacity is 34140 - the figure OpenStreetMap carries - but not all of it is licensed for matchday use, and the licensed figure is the one that decides whether a match sells out. Wikidata's 29699 is neither of the two. SEASON WORTH CHECKING: 2025/26 is the season Alexandru named, and this was entered on 2026-09-19, by which time 2026/27 had started - so re-read ksc.de in case the club has announced a newer figure. The page could not be opened from the machine that made this edit."
Q170157,Wuppertaler SV,DE,,,23067,,,,"multiple independent listings, per Alexandru","THIS ROW CHANGES NOTHING ON THE MAP AND IS MEANT TO: Wikidata already says 23067 for the Stadion am Zoo and it is right, so the capacity before and after this row is the same. It goes in the other direction from every other correction in this batch - here it was OPENSTREETMAP that was imprecise, with a round 21000, and capacity-review.csv reported the 9% gap as if Wikidata were the suspect one. Writing 23067 down by hand pins it, so a future Wikidata edit cannot quietly move it and so the next reader knows the row was judged rather than missed."
Q479351,SV Darmstadt 98,DE,,,17810,,,,sv98.de,"17810 is the club's own stated legal capacity for the Merck-Stadion am Boellenfalltor, from sv98.de. Wikidata says 19000; OpenStreetMap already had 17810, so the club's figure and OpenStreetMap agree and Wikidata is the odd one out. The source page could not be opened from the machine that made this edit."
Q15972883,1. FC Köln II,DE,,Franz-Kremer-Stadion,5457,50.908299,6.905668,,https://www.europlan-online.de/franz-kremer-stadion/stadion-809.html,"Franz-Kremer-Stadion, Franz-Kremer-Allee 1-3, 50937 Köln-Sülz. Ground and coordinates from europlan-online's own club-to-ground link - the club row on the Regionalliga West page, corroborated by the ground page's ""Vereine, die in diesem Stadion spielen"", which names 1. FC Köln 01/07 II. Not a name match: the site itself says this club plays here. Read 2026-09-19 from a GitHub runner, because this sandbox answers 403 to CONNECT for europlan-online.de."
Q4545849,1. FC Nürnberg II,DE,,Max-Morlock-Platz Valznerweiher,3000,49.435887,11.131017,,https://www.europlan-online.de/max-morlock-platz-valznerweiher/stadion-9726.html,"Max-Morlock-Platz Valznerweiher, Valznerweiherstraße 200, 90480 Nürnberg-Zerzabelshof. Ground and coordinates from europlan-online's own club-to-ground link - the club row on the Regionalliga Bayern page, corroborated by the ground page's ""Vereine, die in diesem Stadion spielen"", which names 1. FC Nürnberg 1900 II. Not a name match: the site itself says this club plays here. Read 2026-09-19 from a GitHub runner, because this sandbox answers 403 to CONNECT for europlan-online.de. Settles which Valznerweiher pitch: europlan lists four there and this is the one its club row names."
Q13397712,Borussia Mönchengladbach II,DE,,Grenzlandstadion,10000,51.176437,6.44906,,https://www.europlan-online.de/grenzlandstadion/stadion-939.html,"Grenzlandstadion, Seminarstraße 20, 41236 Mönchengladbach-Rheydt. Ground and coordinates from europlan-online's own club-to-ground link - the club row on the Regionalliga West page, corroborated by the ground page's ""Vereine, die in diesem Stadion spielen"", which names Borussia VfL Mönchengladbach 1900 II. Not a name match: the site itself says this club plays here. Read 2026-09-19 from a GitHub runner, because this sandbox answers 403 to CONNECT for europlan-online.de. OpenStreetMap had proposed Borussia-Park and SparkassenPark, neither of which is this ground."
Q5424829,FC Augsburg II,DE,,Rosenaustadion,26443,48.355351,10.875971,,https://www.europlan-online.de/rosenaustadion/stadion-8300.html,"Rosenaustadion, Stadionstraße 21, 86159 Augsburg. Ground and coordinates from europlan-online's own club-to-ground link - the club row on the Regionalliga Bayern page, corroborated by the ground page's ""Vereine, die in diesem Stadion spielen"", which names FC Augsburg 1907 II. Not a name match: the site itself says this club plays here. Read 2026-09-19 from a GitHub runner, because this sandbox answers 403 to CONNECT for europlan-online.de."
Q97927365,FC Erzgebirge Aue,DE,,eins Erzgebirgsstadion,15500,50.597649,12.711139,,https://www.europlan-online.de/sparkassen-erzgebirgsstadion/stadion-144.html,"eins Erzgebirgsstadion, Gerd-Schädlich-Platz 1, 08280 Aue-Bad Schlema. Ground and coordinates from europlan-online's own club-to-ground link - the club row on the NOFV-Regionalliga Nordost page, corroborated by the ground page's ""Vereine, die in diesem Stadion spielen"", which names FC Erzgebirge Aue 1992. Not a name match: the site itself says this club plays here. Read 2026-09-19 from a GitHub runner, because this sandbox answers 403 to CONNECT for europlan-online.de. The ground's URL still carries its old sparkassen- name; europlan's current name for it is the one used here."
Q831887,FC Ismaning,DE,,Prof. Erich Greipl Stadion,5000,48.228361,11.666837,,https://www.europlan-online.de/prof-erich-greipl-stadion/stadion-782.html,"Prof. Erich Greipl Stadion, Leuchtenbergstraße 25, 85737 Ismaning. Ground and coordinates from europlan-online's own club-to-ground link - the club row on the Bayernliga Süd page, corroborated by the ground page's ""Vereine, die in diesem Stadion spielen"", which names FC Ismaning 1921. Not a name match: the site itself says this club plays here. Read 2026-09-19 from a GitHub runner, because this sandbox answers 403 to CONNECT for europlan-online.de."
Q3736767,FC Schalke 04 II,DE,,Parkstadion,2999,51.55922,7.067567,,https://www.europlan-online.de/parkstadion/stadion-29511.html,"Parkstadion, Parkallee, 45891 Gelsenkirchen-Buer. Ground and coordinates from europlan-online's own club-to-ground link - the club row on the Regionalliga West page, corroborated by the ground page's ""Vereine, die in diesem Stadion spielen"", which names FC Schalke 04 II. Not a name match: the site itself says this club plays here. Read 2026-09-19 from a GitHub runner, because this sandbox answers 403 to CONNECT for europlan-online.de. This is the small current Parkstadion in Buer, not the 70000-capacity one that was demolished. Schalke's first team is at the Veltins-Arena, so the two do not share a pin."
Q566165,FSV Optik Rathenow,DE,,Stadion Vogelgesang,5000,52.597398,12.368599,,https://www.europlan-online.de/stadion-vogelgesang/stadion-1314.html,"Stadion Vogelgesang, Birkenweg 45, 14712 Rathenow. Ground and coordinates from europlan-online's own club-to-ground link - the club row on the NOFV-Oberliga Nord page, corroborated by the ground page's ""Vereine, die in diesem Stadion spielen"", which names FSV Optik Rathenow 1991. Not a name match: the site itself says this club plays here. Read 2026-09-19 from a GitHub runner, because this sandbox answers 403 to CONNECT for europlan-online.de."
Q1514109,Germania Egestorf,DE,,Stadion An der Ammerke,3000,52.285947,9.512819,,https://www.europlan-online.de/sportanlage-egestorf/stadion-1868.html,"Stadion An der Ammerke, An der Ammerke 3, 30890 Barsinghausen-Egestorf. Ground and coordinates from europlan-online's own club-to-ground link - the club row on the Oberliga Niedersachsen page, corroborated by the ground page's ""Vereine, die in diesem Stadion spielen"", which names 1. FC Germania Egestorf/Langreder 2001. Not a name match: the site itself says this club plays here. Read 2026-09-19 from a GitHub runner, because this sandbox answers 403 to CONNECT for europlan-online.de. Wikidata's town for this club is Barsinghausen and the ground is in Barsinghausen-Egestorf, so town and club name agree."
Q15849956,SG Barockstadt Fulda-Lehnerz,DE,,Stadion der Stadt Fulda im Sportpark Johannisau,18000,50.540078,9.665356,,https://www.europlan-online.de/stadion-der-stadt-fulda-im-sportpark-johannisau/stadion-9316.html,"Stadion der Stadt Fulda im Sportpark Johannisau, Johannistraße, 36041 Fulda. Ground and coordinates from europlan-online's own club-to-ground link - the club row on the Regionalliga Südwest page, corroborated by the ground page's ""Vereine, die in diesem Stadion spielen"", which names SG Barockstadt Fulda-Lehnerz 04-65. Not a name match: the site itself says this club plays here. Read 2026-09-19 from a GitHub runner, because this sandbox answers 403 to CONNECT for europlan-online.de."
Q7572134,SpVgg Greuther Fürth II,DE,,Konrad-Ammon-Platz im Sportzentrum,3000,49.493757,10.908985,,https://www.europlan-online.de/konrad-ammon-platz-im-sportzentrum/stadion-12438.html,"Konrad-Ammon-Platz im Sportzentrum, Tulpenweg 60, 90768 Fürth/Mittelfranken-Burgfarrnbach. Ground and coordinates from europlan-online's own club-to-ground link - the club row on the Regionalliga Bayern page, corroborated by the ground page's ""Vereine, die in diesem Stadion spielen"", which names SpVgg. Greuther Fürth 1903 II. Not a name match: the site itself says this club plays here. Read 2026-09-19 from a GitHub runner, because this sandbox answers 403 to CONNECT for europlan-online.de."
Q2521441,VfB Eichstätt,DE,,HIRSCH Sportpark,2100,48.887767,11.192279,,https://www.europlan-online.de/liqui-moly-stadion/stadion-491.html,"HIRSCH Sportpark, Am Sportplatz 8, 85072 Eichstätt. Ground and coordinates from europlan-online's own club-to-ground link - the club row on the Regionalliga Bayern page, corroborated by the ground page's ""Vereine, die in diesem Stadion spielen"", which names VfB Eichstätt 1920. Not a name match: the site itself says this club plays here. Read 2026-09-19 from a GitHub runner, because this sandbox answers 403 to CONNECT for europlan-online.de. The ground's URL still carries its old liqui-moly- name; europlan's current name for it is the one used here."
Q920263,Hertha BSC II,DE,,Stadion auf dem Wurfplatz,5400,52.517161,13.236616,,https://www.europlan-online.de/stadion-auf-dem-wurfplatz/stadion-195.html,"Stadion auf dem Wurfplatz, Hanns-Braun-Straße, 14053 Berlin-Charlottenburg. Ground and coordinates from europlan-online's own club-to-ground link - the club row on the NOFV-Regionalliga Nordost page, corroborated by the ground page's ""Vereine, die in diesem Stadion spielen"", which names Hertha Berliner SC 1892 II. Not a name match: the site itself says this club plays here. Read 2026-09-19 from a GitHub runner, because this sandbox answers 403 to CONNECT for europlan-online.de. One of the three clubs OpenStreetMap could not place at all - every Berlin candidate it offered was some other ground."
Q16743331,TSV Steinbach Haiger,DE,,SIBRE-Sportzentrum Haarwasen,4999,50.741194,8.190319,,https://www.europlan-online.de/sibre-sportzentrum-haarwasen/stadion-11684.html,"SIBRE-Sportzentrum Haarwasen, Sportplatzstraße 120, 35708 Haiger. Ground and coordinates from europlan-online's own club-to-ground link - the club row on the Regionalliga Südwest page, corroborated by the ground page's ""Vereine, die in diesem Stadion spielen"", which names TSV Steinbach 1921. Not a name match: the site itself says this club plays here. Read 2026-09-19 from a GitHub runner, because this sandbox answers 403 to CONNECT for europlan-online.de. One of the three OpenStreetMap could not place: every candidate it found was more than 30 km from Haiger. Steinbach is a district of Haiger and the ground is in Haiger."
Q1378922,Eutin 08,DE,6,Thies Hahn Arena,2000,54.147329,10.627917,,https://www.europlan-online.de/eutina-platz/stadion-11632.html,"Thies Hahn Arena, Steinredder, 23701 Eutin-Fissau. Ground and coordinates from europlan-online's own club-to-ground link - the club row on the site's own search, corroborated by the ground page's ""Vereine, die in diesem Stadion spielen"", which names Eutiner SV 08. Not a name match: the site itself says this club plays here. Read 2026-09-19 from a GitHub runner, because this sandbox answers 403 to CONNECT for europlan-online.de. EUROPLAN PUTS THIS CLUB IN LANDESLIGA HOLSTEIN, LEVEL 6, not the Regionalliga that Wikidata still tags it with, which is why no league page held it. TIER CORRECTED TO 6 ON 2026-09-19, now that tier 4 and every deeper tier switch on together at the same zoom - a deep tier no longer removes a club from the map. The ground's URL still carries the name eutina-platz, which is what an earlier pass had for this club - same ground, since renamed."
Q720528,FC Kray,DE,6,KrayArena,2000,51.462594,7.074942,,https://www.europlan-online.de/krayarena-kr/stadion-6747.html,"KrayArena - powered by Stölting Service Group, Buderusstraße 20a, 45307 Essen/Ruhr-Kray. Ground and coordinates from europlan-online's own club-to-ground link - the club row on the site's own search, corroborated by the ground page's ""Vereine, die in diesem Stadion spielen"", which names FC Kray 09/31. Not a name match: the site itself says this club plays here. Read 2026-09-19 from a GitHub runner, because this sandbox answers 403 to CONNECT for europlan-online.de. EUROPLAN PUTS THIS CLUB IN LANDESLIGA NIEDERRHEIN 2, LEVEL 6, not the Regionalliga that Wikidata still tags it with, which is why no league page held it. TIER CORRECTED TO 6 ON 2026-09-19, now that tier 4 and every deeper tier switch on together at the same zoom - a deep tier no longer removes a club from the map. europlan has three grounds on this address; this is the one its club row gives the first team, the other two being the reserve sides' pitch and a former ground."
Q831892,Lupo Martini Wolfsburg,DE,6,Lupo Stadio,2000,52.451539,10.793827,,https://www.europlan-online.de/lupo-stadio/stadion-1532.html,"Lupo Stadio, Hubertusstraße 10, 38448 Wolfsburg-Kreuzheide. Ground and coordinates from europlan-online's own club-to-ground link - the club row on the site's own search, corroborated by the ground page's ""Vereine, die in diesem Stadion spielen"", which names USI Lupo Martini Wolfsburg 62/81/70. Not a name match: the site itself says this club plays here. Read 2026-09-19 from a GitHub runner, because this sandbox answers 403 to CONNECT for europlan-online.de. EUROPLAN PUTS THIS CLUB IN LANDESLIGA BRAUNSCHWEIG, LEVEL 6, not the Regionalliga that Wikidata still tags it with, which is why no league page held it. TIER CORRECTED TO 6 ON 2026-09-19, now that tier 4 and every deeper tier switch on together at the same zoom - a deep tier no longer removes a club from the map."
Q479306,VfB Hüls,DE,8,EVONIK Sportpark,6000,51.67652,7.099067,,https://www.europlan-online.de/evonik-sportpark-stadion-am-badeweiher/stadion-689.html,"EVONIK Sportpark, Paul-Baumann-Straße, 45772 Marl. Ground and coordinates from europlan-online's own club-to-ground link - the club row on the site's own search, corroborated by the ground page's ""Vereine, die in diesem Stadion spielen"", which names VfB 48/64 Hüls. Not a name match: the site itself says this club plays here. Read 2026-09-19 from a GitHub runner, because this sandbox answers 403 to CONNECT for europlan-online.de. EUROPLAN PUTS THIS CLUB IN BEZIRKSLIGA WESTFALEN 11, LEVEL 8, not the Regionalliga that Wikidata still tags it with, which is why no league page held it. TIER CORRECTED TO 8 ON 2026-09-19, now that tier 4 and every deeper tier switch on together at the same zoom - a deep tier no longer removes a club from the map. europlan has three pitches on this address; this is the main one, which its club row gives the first team."
Q127275134,VfR Garching,DE,7,Sportplatz Schleißheimer Straße,1700,48.251703,11.642393,,https://www.europlan-online.de/sportplatz-schleissheimer-strasse/stadion-13010.html,"Sportplatz Schleißheimer Straße, Schleißheimer Straße 40, 85748 Garching bei München. Ground and coordinates from europlan-online's own club-to-ground link - the club row on the site's own search, corroborated by the ground page's ""Vereine, die in diesem Stadion spielen"", which names VfR Garching 1921. Not a name match: the site itself says this club plays here. Read 2026-09-19 from a GitHub runner, because this sandbox answers 403 to CONNECT for europlan-online.de. EUROPLAN PUTS THIS CLUB IN BEZIRKSLIGA OBERBAYERN NORD, LEVEL 7, not the Regionalliga that Wikidata still tags it with, which is why no league page held it. TIER CORRECTED TO 7 ON 2026-09-19, now that tier 4 and every deeper tier switch on together at the same zoom - a deep tier no longer removes a club from the map. europlan also lists side pitches for this club at the GARMIN Stadion am See; the first team's own club row points here."
Q13426883,FC Viktoria 1889 Berlin,DE,,Stadion Lichterfelde,4300,52.439306,13.323972,,https://www.europlan-online.de/stadion-lichterfelde/stadion-234.html,"Stadion Lichterfelde, Ostpreußendamm 3-17, 12207 Berlin-Lichterfelde. Ground and coordinates from europlan-online's own club-to-ground link - the club row on the site's own search, corroborated by the ground page's ""Vereine, die in diesem Stadion spielen"", which names FC Viktoria 1889 Berlin Lichterfelde-Tempelhof. Not a name match: the site itself says this club plays here. Read 2026-09-19 from a GitHub runner, because this sandbox answers 403 to CONNECT for europlan-online.de. WORTH A SECOND LOOK: this ground page names the club's WOMEN'S team (2. Bundesliga) and its Nebenplatz names the third team, but the men's first team is not listed on any of the three Lichterfelde pages read. The club is unambiguously based here - same postcode, and the club is named for the district - but the men's team's own row was not seen. OpenStreetMap had offered ten Berlin stadiums for this club, none of them this one."
Q666010,SC Verl,DE,3,,,,,,https://en.wikipedia.org/wiki/2026%E2%80%9327_3._Liga,"TIER FROM THE ROSTER CHECK of 2026-09-20. The 2026-27 3. Liga article lists this club and the 2026-27 Regionalliga article does not, so tier 3 is what the leagues themselves say. Wikidata still tags it Q555836 Regionalliga West, which is where the old tier came from."
Q16637410,TSG 1899 Hoffenheim II,DE,3,,,,,,https://en.wikipedia.org/wiki/2026%E2%80%9327_3._Liga,"TIER FROM THE ROSTER CHECK of 2026-09-20. The 2026-27 3. Liga article lists this club and the 2026-27 Regionalliga article does not, so tier 3 is what the leagues themselves say. Wikidata still tags it Q322128 Regionalliga Suedwest, which is where the old tier came from."
Q16525419,1. FSV Mainz 05 II,DE,4,,,,,,https://en.wikipedia.org/wiki/2026%E2%80%9327_Regionalliga,"TIER FROM THE ROSTER CHECK of 2026-09-20. The 2026-27 Regionalliga article lists this club and the 2026-27 3. Liga article does not, so tier 4 is what the leagues themselves say. Wikidata still tags it Q154069 3. Liga, which is where the old tier came from."
Q316855,Hallescher FC,DE,4,,,,,,https://en.wikipedia.org/wiki/2026%E2%80%9327_Regionalliga,"TIER FROM THE ROSTER CHECK of 2026-09-20. The 2026-27 Regionalliga article lists this club and the 2026-27 3. Liga article does not, so tier 4 is what the leagues themselves say. Wikidata still tags it Q154069 3. Liga, which is where the old tier came from."
Q665920,VfB Lübeck,DE,4,,,,,,https://en.wikipedia.org/wiki/2026%E2%80%9327_Regionalliga,"TIER FROM THE ROSTER CHECK of 2026-09-20. The 2026-27 Regionalliga article lists this club and the 2026-27 3. Liga article does not, so tier 4 is what the leagues themselves say. Wikidata still tags it Q154069 3. Liga, which is where the old tier came from."
Q161034,Wacker Burghausen,DE,4,,,,,,https://en.wikipedia.org/wiki/2026%E2%80%9327_Regionalliga,"TIER FROM THE ROSTER CHECK of 2026-09-20. The 2026-27 Regionalliga article lists this club and the 2026-27 3. Liga article does not, so tier 4 is what the leagues themselves say. Wikidata still tags it Q154069 3. Liga, which is where the old tier came from."
Q4107588,Werder Bremen II,DE,4,,,,,,https://en.wikipedia.org/wiki/2026%E2%80%9327_Regionalliga,"TIER FROM THE ROSTER CHECK of 2026-09-20. The 2026-27 Regionalliga article lists this club and the 2026-27 3. Liga article does not, so tier 4 is what the leagues themselves say. Wikidata still tags it Q154069 3. Liga, which is where the old tier came from."
Q97927380,SV Babelsberg 03,DE,4,,,,,,https://en.wikipedia.org/wiki/2026%E2%80%9327_Regionalliga,"TIER FROM THE ROSTER CHECK of 2026-09-20. The 2026-27 Regionalliga article lists this club and the 2026-27 3. Liga article does not, so it is tier 4. Wikidata's Q97927380 carries BOTH Q548937 and Q154069 and the builder takes the lowest mapped tier, which is how it arrived at 3. Q97927380 is the men's-first-team item; the club item Q571553 carries 21 sitelinks and no P118 at all, so the map can only see this club through the team item and a skip row here would remove it entirely"
Q680770,UTA Arad,RO,,,11500,,,,https://en.wikipedia.org/wiki/2026%E2%80%9327_Liga_I,"CONTESTED CAPACITY. In use: 11500 (Romania's own Superliga site and Romanian Wikipedia, and the English Wikipedia Liga I stadiums table agrees). Not taken: 12584 (StadiumDB, stadiumdb.com/stadiums/rou); 7287 (Wikidata, which the map held until now). Every figure is written down on purpose - the one not in use is recorded rather than dropped, so nobody has to rediscover the disagreement."
Q20429561,Sepsi OSK Sfântu Gheorghe,RO,,,8400,,,,https://en.wikipedia.org/wiki/2026%E2%80%9327_Liga_I,"CONTESTED CAPACITY. In use: 8400 (the English Wikipedia Liga I stadiums table, with StadiumDB agreeing exactly). Not taken: 4774 (Wikidata, which the map held until now). Every figure is written down on purpose - the one not in use is recorded rather than dropped, so nobody has to rediscover the disagreement."
Q316896,FSV Zwickau,DE,,,10134,,,,https://stadiumdb.com/stadiums/ger,"CONTESTED CAPACITY. In use: 10134 (OpenStreetMap and StadiumDB, which agree exactly). Not taken: (blank) (Wikidata, which has no figure at all for this club). Every figure is written down on purpose - the one not in use is recorded rather than dropped, so nobody has to rediscover the disagreement."
Q162251,1. FC Heidenheim 1846,DE,,,15000,,,,https://en.wikipedia.org/wiki/2026%E2%80%9327_2._Bundesliga,"CONTESTED CAPACITY. In use: 15000 (the English Wikipedia 2. Bundesliga stadiums table, with StadiumDB agreeing exactly). Not taken: 10001 (Wikidata, which the map held until now). Every figure is written down on purpose - the one not in use is recorded rather than dropped, so nobody has to rediscover the disagreement."
Q101959,Borussia Mönchengladbach,DE,,,54042,,,,https://en.wikipedia.org/wiki/2026%E2%80%9327_Bundesliga,"CONTESTED CAPACITY. In use: 54042 (StadiumDB). Not taken: 54057 (the English Wikipedia Bundesliga stadiums table - 15 seats apart, so the two agree); 59749 (Wikidata, which the map held until now). Every figure is written down on purpose - the one not in use is recorded rather than dropped, so nobody has to rediscover the disagreement."
Q38245,Eintracht Frankfurt,DE,,,59500,,,,https://en.wikipedia.org/wiki/2026%E2%80%9327_Bundesliga,"CONTESTED CAPACITY. In use: 59500 (the English Wikipedia Bundesliga stadiums table). Not taken: 60100 (StadiumDB - 1% apart, so the two agree); 51500 (Wikidata, which the map held until now). Every figure is written down on purpose - the one not in use is recorded rather than dropped, so nobody has to rediscover the disagreement."
Q702455,RB Leipzig,DE,,,47800,,,,https://en.wikipedia.org/wiki/2026%E2%80%9327_Bundesliga,"CONTESTED CAPACITY. In use: 47800 (the English Wikipedia Bundesliga stadiums table, with StadiumDB agreeing exactly). Not taken: 42000 (Wikidata, which the map held until now). Every figure is written down on purpose - the one not in use is recorded rather than dropped, so nobody has to rediscover the disagreement."
Q153539,SpVgg Greuther Fürth,DE,,,16626,,,,https://en.wikipedia.org/wiki/2026%E2%80%9327_2._Bundesliga,"CONTESTED CAPACITY. In use: 16626 (the English Wikipedia 2. Bundesliga stadiums table, with StadiumDB agreeing exactly). Not taken: 18500 (Wikidata, which the map held until now). Every figure is written down on purpose - the one not in use is recorded rather than dropped, so nobody has to rediscover the disagreement."
Q105861,VfL Bochum,DE,,,26000,,,,https://en.wikipedia.org/wiki/2026%E2%80%9327_2._Bundesliga,"CONTESTED CAPACITY. In use: 26000 (the English Wikipedia 2. Bundesliga stadiums table, with StadiumDB agreeing exactly). Not taken: 29299 (Wikidata, which the map held until now). Every figure is written down on purpose - the one not in use is recorded rather than dropped, so nobody has to rediscover the disagreement."
Q316865,Preußen Münster,DE,,,14300,,,,https://en.wikipedia.org/wiki/2026%E2%80%9327_3._Liga,"CONTESTED CAPACITY. In use: 14300 (the English Wikipedia 3. Liga stadiums table). Not taken: 15050 (StadiumDB - 5% apart, at the edge of agreeing); 45000 (Wikidata, which the map held until now and which is out by a factor of three). Every figure is written down on purpose - the one not in use is recorded rather than dropped, so nobody has to rediscover the disagreement."
Q104770,1. FC Köln,DE,,,49698,,,,https://en.wikipedia.org/wiki/2026%E2%80%9327_Bundesliga,"CONTESTED CAPACITY. In use: 49698 (the English Wikipedia Bundesliga stadiums table). Not taken: 50000 (StadiumDB - 0.6% apart, so the two agree); 46195 (Wikidata, which the map held until now and is probably an all-seated or reduced figure). Every figure is written down on purpose - the one not in use is recorded rather than dropped, so nobody has to rediscover the disagreement."
Q865720,Borussia Dortmund II,DE,,Stadion Rote Erde,9999,51.4925,7.454444,,https://stadiumdb.com/stadiums/ger; https://www.wikidata.org/wiki/Q628059; https://en.wikipedia.org/wiki/Borussia_Dortmund_II,"COPIED GROUND, corrected. Wikidata gave this reserve side the first team's Signal Iduna Park and its 81359, exactly the shape of error that put TSV 1860 Muenchen II on the Gruenwalder. StadiumDB names Stadion Rote Erde in Dortmund at 9999 for Borussia II specifically, and lists Signal Iduna Park separately for Borussia. COORDINATES PINNED 2026-09-26, and the reason is worse than the note used to say. Q865720 carries TWO truthy P115 values, Stadion Rote Erde (Q628059) and the Westfalenstadion (Q150928), and fetch_clubs.py builds a club from whichever query rows come back first - so the map took the venue name and capacity from this row but the POSITION from the Westfalenstadion's row (7.451667): a mixed record, the Freiburg flap in a quieter form. Three sources agree on the ground: StadiumDB (Stadion Rote Erde, Borussia II, 9,999), the club's English Wikipedia infobox (Stadion Rote Erde, 9,999) and Rote Erde's own Wikidata item Q628059, whose P625 51.4925/7.454444 is what is written here. Not taken: Q628059's P1083 25,000, which the stadium article gives as the athletics-meeting figure; 9,999 is its football figure"
Q819400,SV Meppen,DE,3,,,,,,https://en.wikipedia.org/wiki/2026%E2%80%9327_3._Liga,"TIER FROM THE ROSTER CHECK of 2026-09-20. This club reaches the map only through Q2188121, the GENERIC 'Regionalliga' item, which was added to league-tiers.csv at tier 4 on the same day because two clubs that really are in the Regionalliga carry nothing else. This one is not: the 2026-27 3. Liga article lists it, so it is tier 3. The generic item is a league history rather than a current division, so expect to have to say this again for the next club that carries it"
Q537301,TSV Havelse,DE,3,,,,,,https://en.wikipedia.org/wiki/2026%E2%80%9327_3._Liga,"TIER FROM THE ROSTER CHECK of 2026-09-20. This club reaches the map only through Q2188121, the GENERIC 'Regionalliga' item, which was added to league-tiers.csv at tier 4 on the same day because two clubs that really are in the Regionalliga carry nothing else. This one is not: the 2026-27 3. Liga article lists it, so it is tier 3. The generic item is a league history rather than a current division, so expect to have to say this again for the next club that carries it"
Q16525415,1. FC Union Berlin II,DE,skip,,,,,,https://en.wikipedia.org/wiki/2026%E2%80%9327_Regionalliga,"OFF THE MAP UNTIL SOMEBODY FINDS ITS REAL TIER, which is the same place TSV 1860 München II is and for the same reason. This club's ONLY league tag is Q2188121, the generic 'Regionalliga' item, which was mapped at tier 4 on 2026-09-20 because three other clubs carry nothing else and really are at tiers 3 and 4. A generic item is a league HISTORY, not a current division: it says this club has played in a Regionalliga at some point, and nothing about now. The 2026-27 Regionalliga article does not list it, and the roster check found no other Wikidata item for it either. Drawing it at tier 4 on that evidence would be inventing the fact, which is what rule 2 forbids. Put a real tier in this cell, or delete the row, and it comes straight back"
Q537325,BV Cloppenburg,DE,skip,,,,,,https://en.wikipedia.org/wiki/2026%E2%80%9327_Regionalliga,"OFF THE MAP UNTIL SOMEBODY FINDS ITS REAL TIER, which is the same place TSV 1860 München II is and for the same reason. This club's ONLY league tag is Q2188121, the generic 'Regionalliga' item, which was mapped at tier 4 on 2026-09-20 because three other clubs carry nothing else and really are at tiers 3 and 4. A generic item is a league HISTORY, not a current division: it says this club has played in a Regionalliga at some point, and nothing about now. The 2026-27 Regionalliga article does not list it, and the roster check found no other Wikidata item for it either. Drawing it at tier 4 on that evidence would be inventing the fact, which is what rule 2 forbids. Put a real tier in this cell, or delete the row, and it comes straight back"
Q782387,FC Oberneuland,DE,skip,,,,,,https://en.wikipedia.org/wiki/2026%E2%80%9327_Regionalliga,"OFF THE MAP UNTIL SOMEBODY FINDS ITS REAL TIER, which is the same place TSV 1860 München II is and for the same reason. This club's ONLY league tag is Q2188121, the generic 'Regionalliga' item, which was mapped at tier 4 on 2026-09-20 because three other clubs carry nothing else and really are at tiers 3 and 4. A generic item is a league HISTORY, not a current division: it says this club has played in a Regionalliga at some point, and nothing about now. The 2026-27 Regionalliga article does not list it, and the roster check found no other Wikidata item for it either. Drawing it at tier 4 on that evidence would be inventing the fact, which is what rule 2 forbids. Put a real tier in this cell, or delete the row, and it comes straight back"
Q1501893,SV Wilhelmshaven,DE,skip,,,,,,https://en.wikipedia.org/wiki/2026%E2%80%9327_Regionalliga,"OFF THE MAP UNTIL SOMEBODY FINDS ITS REAL TIER, which is the same place TSV 1860 München II is and for the same reason. This club's ONLY league tag is Q2188121, the generic 'Regionalliga' item, which was mapped at tier 4 on 2026-09-20 because three other clubs carry nothing else and really are at tiers 3 and 4. A generic item is a league HISTORY, not a current division: it says this club has played in a Regionalliga at some point, and nothing about now. The 2026-27 Regionalliga article does not list it, and the roster check found no other Wikidata item for it either. Drawing it at tier 4 on that evidence would be inventing the fact, which is what rule 2 forbids. Put a real tier in this cell, or delete the row, and it comes straight back"
Q692571,Viktoria Aschaffenburg,DE,skip,,,,,,https://en.wikipedia.org/wiki/2026%E2%80%9327_Regionalliga,"OFF THE MAP UNTIL SOMEBODY FINDS ITS REAL TIER, which is the same place TSV 1860 München II is and for the same reason. This club's ONLY league tag is Q2188121, the generic 'Regionalliga' item, which was mapped at tier 4 on 2026-09-20 because three other clubs carry nothing else and really are at tiers 3 and 4. A generic item is a league HISTORY, not a current division: it says this club has played in a Regionalliga at some point, and nothing about now. The 2026-27 Regionalliga article does not list it, and the roster check found no other Wikidata item for it either. Drawing it at tier 4 on that evidence would be inventing the fact, which is what rule 2 forbids. Put a real tier in this cell, or delete the row, and it comes straight back"
Q368104,FCV Farul Constanța,RO,1,,,,,,https://en.wikipedia.org/wiki/2026%E2%80%9327_Liga_I,"TIER CORRECTED TO 1. This club reaches the map at all only through the novalue fallback in tools/fetch_clubs.py. Q368104 carries Q1707697 Liga III and Q386384 Liga II at normal rank and a preferred-rank statement asserting NO LEAGUE on top of both, so wdt:P118 yields nothing and the ordinary club query cannot see it. The fallback reads through that suppression because the 2026-27 Liga I article names the club and the item carries no dissolution date. THE FALLBACK DECIDES VISIBILITY AND NOT TIER: read through the suppression those tags give tier 2, because Liga II is the most senior mapped league on them, which is one division below where the club plays. The 1 in this cell is the roster's and is hand-written - the 2026-27 Liga I stadiums-and-locations table, read on 2026-09-20, whose 16 linked titles resolved 16 of 16 to Q-ids with Q368104 among them as 'FCV Farul Constanța'. STILL OPEN AND NOT SETTLED BY THIS ROW: which club Q368104 actually is - the old Farul, the 2021 Viitorul merger that took the name, or both depending on who edited the item. Putting it on the map is Alexandru's decision of 2026-09-20 and it supersedes the earlier decision of the same day to leave it off until the identity was settled. The identity question itself is unchanged and still open."
Q24884611,FC Hermannstadt,RO,skip,,,,,,https://en.wikipedia.org/wiki/FC_Hermannstadt,"REMOVED BECAUSE THE CLUB NO LONGER EXISTS, and the direction was not the one expected. It sat at tier 1 because Wikidata gives Q24884611 both Q237753 SuperLiga and Q386384 Liga II at normal rank and the builder takes the most senior of them. All three Romanian season articles this project tracks were read on 2026-09-20 and NONE of them lists it: not 2026-27 Liga I, not 2026-27 Liga II, not 2026-27 Liga III. The reason is on the club's own English Wikipedia article, whose infobox reads '2025-26 Liga I, 14th of 16 (relegated via play-offs)' and then 'Dissolved 1 August 2026'; the 2026-27 Liga II article cites gsp.ro of 31 July 2026, 'Soc! Hermannstadt s-a retras din noul sezon de Liga a 2-a' - Hermannstadt withdrew from the new second-division season. So this was expected to be a relegation from tier 1 to tier 2 and it is neither: the club was relegated and then ceased to exist, no tier is right, and tier 2 would have been an invention. Wikidata carries NO P576 on the item, which is why nothing in the pipeline could see this on its own - the club query's dissolution gate never fired. Bring it back by replacing skip with a tier if the club is refounded and a division's own membership list names it."
Q1024390,Politehnica Iași,RO,skip,,,,,,https://en.wikipedia.org/wiki/2026%E2%80%9327_Liga_II,"REMOVED BECAUSE IT IS NOT IN THE DIVISION ITS TAG CLAIMS. Q1024390 is FC Politehnica Iasi (2010) - that is its own English Wikipedia sitelink - and it sat at tier 2 on a PREFERRED-rank Q386384 Liga II tag. The 2026-27 Liga II article does not list it, and on 2026-09-20 that article's 22 linked titles resolved 22 of 22 to Q-ids, which rules out rather than merely doubts the one innocent explanation CLAUDE.md had left open - that the article links the club under a title the sitelink hop could not resolve. The 2026-27 Liga I and Liga III articles do not list it either. Why it is out: the Liga II article says its participants 'were admitted through the FRF certification or Liga I licensing procedures' and cites frf.ro of 14 July 2026 on certification for the 2026-27 Liga II together with sport.ro of 17 July 2026, 'Poli Iasi, out din Liga 2!'. So the Liga II tag is stale. Worth knowing beside it: the sibling item Q926152, FC Politehnica Iasi (1945), same ground Q2262973, carries P576 2026. Bring this club back by replacing skip with a tier once a division's own membership list names it."
Q1386940,Bihor Oradea,RO,,,,,,,https://en.wikipedia.org/wiki/2026%E2%80%9327_Liga_II,"NOT AN ERROR, AND DELIBERATELY NOT CHANGED - this row alters no value, it records why nothing was altered. The roster check reports this club twice, Q1386940 as extra-not-in-roster at tier 2 and Q113541238 as missing-from-wikidata, and that is one club appearing twice rather than two mistakes. The two items are FC Bihor Oradea (1958) and FC Bihor Oradea (2022), and the sources disagree about which of them is the club now in Liga II: Wikidata puts Q386384 Liga II on the 1958 item at PREFERRED rank, and the 2026-27 Liga II article links the 2022 one. Both agree that a club called Bihor Oradea is in Liga II, which is exactly what the map shows. Q1386940 is also the only one of the two that can be drawn at all: read on 2026-09-20, Q113541238 has no P118, no ground, no coordinates and no inception date, so skipping the 1958 item would take Bihor off the map entirely and replace a correct pin with nothing. What is still unsettled is which item is the club, and that is Alexandru's to decide - it is not something to fix by removing a pin."
Q369349,Union sportive Orléans,FR,skip,,,,,,https://en.wikipedia.org/wiki/2026%E2%80%9327_Ligue_2; https://en.wikipedia.org/wiki/US_Orl%C3%A9ans,"OFF THE MAP, BECAUSE ITS ONLY LEAGUE TAG IS STALE AND ITS REAL DIVISION IS BELOW WHAT THIS PASS TRACKS. Wikidata gives Q369349 one P118, Q217374 Ligue 2, at normal rank with no start or end date, so it arrived at tier 2. Read on a runner 2026-09-25: the 2026-27 Ligue 2 article lists 18 clubs and all 18 resolved to a Q-id, so there is no unaccounted slot, and neither it nor the complete 2026-27 Ligue 1 article lists this club. The independent reason is the club's own English Wikipedia infobox, 'League: Ligue 3' and '2025-26 Championnat National, 6th of 17', and the Championnat National article (it now redirects to Ligue 3) lists US Orleans in its stadiums table. So it is a third-division club carrying a Ligue 2 tag. Tier 3 is NOT written here: France is tracked at tiers 1 and 2 only for now, and this project does not write a tier off one English Wikipedia table. Put a tier in this cell once France's tier 3 is added, or delete the row, and it comes straight back"
Q2619514,Avenir sportif Béziers,FR,skip,,,,,,https://en.wikipedia.org/wiki/2026%E2%80%9327_Ligue_2; https://en.wikipedia.org/wiki/AS_B%C3%A9ziers_(2007),"OFF THE MAP, BECAUSE ITS ONLY LEAGUE TAG IS STALE. Wikidata gives Q2619514 one P118, Q217374 Ligue 2, at normal rank with no dates, so it arrived at tier 2. Read on a runner 2026-09-25: neither the 2026-27 Ligue 2 article (18 clubs, 18 of 18 resolved) nor the 2026-27 Ligue 1 article (18 of 18) lists it. The independent reason is the club's own English Wikipedia infobox, 'League: Regional 1 Occitanie', with '2022-23 National 3 Group H, 1st (relegated administratively)' and 'as of the 2023-24 season it plays in Regional 1'. That is several levels below anything this project tracks in France, so no tier is written. The club exists and is playing - this is a stale tag, not a dissolution. Put a tier in this cell, or delete the row, and it comes straight back"
Q1132418,FC Martigues,FR,skip,,,,,,https://en.wikipedia.org/wiki/2026%E2%80%9327_Ligue_2; https://en.wikipedia.org/wiki/FC_Martigues,"OFF THE MAP, BECAUSE ITS ONLY LEAGUE TAG IS STALE. Wikidata gives Q1132418 one P118, Q217374 Ligue 2, at normal rank with no dates, so it arrived at tier 2. Read on a runner 2026-09-25: neither the 2026-27 Ligue 2 article (18 clubs, 18 of 18 resolved) nor the 2026-27 Ligue 1 article (18 of 18) lists it. The independent reason is the club's own English Wikipedia infobox: '2024-25 Ligue 2, 17th of 18 (administratively relegated)' and 'League: Departemental 3'. That is far below anything this project tracks, so no tier is written. Put a tier in this cell, or delete the row, and it comes straight back"
Q180305,AS Monaco FC,FR,,,,,,,https://en.wikipedia.org/wiki/2026%E2%80%9327_Ligue_1,"NOT AN ERROR, AND DELIBERATELY NOT CHANGED - this row alters no value, it records why nothing was altered. The country check flags this club every run because Wikidata's P17 on Q180305 is Q235 Monaco, not France, and that is TRUE: the ground, Stade Louis-II, is in Monaco. It is in FR.json because it plays in Ligue 1 (P118 Q13394, start 2013), and the 2026-27 Ligue 1 article lists it - so the file is France's league pyramid, not France's territory. Removing it would take a Ligue 1 club off the map. Which country's ticket rules would apply to it is a separate question and nothing is decided here; club-tickets.csv has no row for it"
Q845137,Angers SCO,FR,,,19800,,,,https://en.wikipedia.org/wiki/2026%E2%80%9327_Ligue_1,"CONTESTED CAPACITY. In use: 19800 (the English Wikipedia 2026-27 Ligue 1 stadiums table, and StadiumDB stadiumdb.com/stadiums/fra agrees exactly). Not taken: 18000 (Wikidata, which the map held until now, 10% under). OpenStreetMap has no figure for this ground. Every figure is written down on purpose - the one not in use is recorded rather than dropped, so nobody has to rediscover the disagreement. Read 2026-09-25."
Q870182,Clermont Foot 63,FR,,,11980,,,,https://en.wikipedia.org/wiki/2026%E2%80%9327_Ligue_2,"CONTESTED CAPACITY. In use: 11980 (the English Wikipedia 2026-27 Ligue 2 stadiums table, and OpenStreetMap agrees exactly). Not taken: 12678 (StadiumDB, 5.5% over the two that agree); 9190 (Wikidata, which the map held until now). Every figure is written down on purpose - the one not in use is recorded rather than dropped, so nobody has to rediscover the disagreement. Read 2026-09-25."
Q501693,ES Troyes AC,FR,,,21877,,,,https://en.wikipedia.org/wiki/2026%E2%80%9327_Ligue_1,"CONTESTED CAPACITY. In use: 21877 (the English Wikipedia 2026-27 Ligue 1 stadiums table, and StadiumDB agrees exactly). Not taken: 20400 (Wikidata, which the map held until now). OpenStreetMap has no figure. Every figure is written down on purpose - the one not in use is recorded rather than dropped, so nobody has to rediscover the disagreement. Read 2026-09-25."
Q221525,FC Metz,FR,,,28786,,,,https://en.wikipedia.org/wiki/2026%E2%80%9327_Ligue_2,"CONTESTED CAPACITY. In use: 28786 (the English Wikipedia 2026-27 Ligue 2 stadiums table, StadiumDB and OpenStreetMap, all three exactly). Not taken: 26671 (Wikidata, which the map held until now). Every figure is written down on purpose - the one not in use is recorded rather than dropped, so nobody has to rediscover the disagreement. Read 2026-09-25."
Q522283,Red Star FC,FR,,,10000,,,,https://en.wikipedia.org/wiki/2026%E2%80%9327_Ligue_2,"CONTESTED CAPACITY. In use: 10000 (the English Wikipedia 2026-27 Ligue 2 stadiums table, and StadiumDB agrees exactly). Not taken: 8000 (Wikidata, which the map held until now). OpenStreetMap has no figure. Stade Bauer has been rebuilt in stages, so expect this one to move again. Every figure is written down on purpose - the one not in use is recorded rather than dropped, so nobody has to rediscover the disagreement. Read 2026-09-25."
Q760736,Stade lavallois,FR,,,18607,,,,https://en.wikipedia.org/wiki/2026%E2%80%9327_Ligue_2,"CONTESTED CAPACITY. In use: 18607 (the English Wikipedia 2026-27 Ligue 2 stadiums table, and StadiumDB agrees exactly). Not taken: 11107 (Wikidata, which the map held until now - the largest gap in the French pass, 40%). OpenStreetMap has no figure. Every figure is written down on purpose - the one not in use is recorded rather than dropped, so nobody has to rediscover the disagreement. Read 2026-09-25."
Q1815297,USL Dunkerque,FR,,,4933,,,,https://en.wikipedia.org/wiki/2026%E2%80%9327_Ligue_2,"CONTESTED CAPACITY. In use: 4933 (the English Wikipedia 2026-27 Ligue 2 stadiums table; OpenStreetMap 4996 and StadiumDB 5000 both agree with it within 2%). Not taken: 4200 (Wikidata, which the map held until now). Every figure is written down on purpose - the one not in use is recorded rather than dropped, so nobody has to rediscover the disagreement. Read 2026-09-25."
Q288419,Pau Football Club,FR,,,4031,,,,https://en.wikipedia.org/wiki/2026%E2%80%9327_Ligue_2,"CONTESTED CAPACITY. In use: 4031 (the English Wikipedia 2026-27 Ligue 2 stadiums table, and OpenStreetMap agrees exactly). Not taken: (blank) (Wikidata, which has no figure at all for this club). StadiumDB has no row for the Nouste Camp. Every figure is written down on purpose - the one not in use is recorded rather than dropped, so nobody has to rediscover the disagreement. Read 2026-09-25."
Q534448,Football Club Torinese,IT,skip,,,,,,https://en.wikipedia.org/wiki/2026%E2%80%9327_Serie_A; https://en.wikipedia.org/wiki/FBC_Torinese,"OFF THE MAP, BECAUSE THE CLUB DISSOLVED IN 1906. Wikidata gives Q534448 one P118, Q15804 Serie A, at normal rank - dated 1898 to 1900, but the club query does not read dates, so it arrived at tier 1 at the Velodromo Umberto I in Turin. Read on a runner 2026-09-25: the 2026-27 Serie A article lists 20 clubs and all 20 resolved to a Q-id, so there is no unaccounted slot, and neither it nor the complete 2026-27 Serie B article (20 of 20) lists this club. The independent reason is the club's own English Wikipedia infobox: 'Founded 1894, Dissolved 1906'. Wikidata carries no P576 on the item, which is why the dissolution gate never fired. Shape 4. No tier is written. Delete this row to bring it back, which would be wrong."
Q2037,Associazione Calcio ChievoVerona,IT,skip,,,,,,https://en.wikipedia.org/wiki/2026%E2%80%9327_Serie_B; https://en.wikipedia.org/wiki/AC_ChievoVerona,"OFF THE MAP, BECAUSE ITS SERIE B TAG IS STALE AND ITS REAL DIVISION IS BELOW WHAT THIS PASS TRACKS. Wikidata gives Q2037 Serie B (Q194052) at PREFERRED rank from 2019 with no end date, Serie A at normal rank to 2019, and Serie D (Q1141778) at normal rank from 2024 - so wdt:P118 yields Serie B alone and it arrived at tier 2, on the Bentegodi beside Hellas Verona. Read on a runner 2026-09-25: neither the 2026-27 Serie B article (20 clubs, 20 of 20 resolved) nor the 2026-27 Serie A article (20 of 20) lists it. The independent reason is the club's own English Wikipedia infobox: 'League: Serie D Group B' and '2025-26 Serie D Group B, 3rd of 18'; the same infobox gives a refoundation on 10 May 2024, which is why the item carries three inception dates. Serie D is tier 4 and Italy is tracked at tiers 1-2 only, so no tier is written. Shape 4. Put a tier in this cell, or delete the row, to bring it back."
Q298217,US Avellino 1912,IT,,,26000,,,,https://en.wikipedia.org/wiki/2026%E2%80%9327_Serie_B,"CONTESTED CAPACITY, SETTLED BY THE RULE. In use: 26000 (the 2026-27 Serie B stadiums table, and StadiumDB's 26150 for the Stadio Partenio agrees within 1%). Not taken: 26150 (StadiumDB, stadiumdb.com/stadiums/ita/stadio_comunale_partenio - the agreeing figure, not the league's own table); 10125 (Wikidata, which the map held until now). Every figure is written down on purpose - the one not in use is recorded rather than dropped, so nobody has to rediscover the disagreement. Read 2026-09-25; OpenStreetMap has no usable figure for this ground."
Q501245,Venezia FC,IT,,,12048,,,,https://en.wikipedia.org/wiki/2026%E2%80%9327_Serie_A,"CONTESTED CAPACITY, SETTLED BY THE RULE. In use: 12048 (the 2026-27 Serie A stadiums table, and StadiumDB gives exactly 12048 for the Stadio Pier Luigi Penzo). Not taken: 10500 (Wikidata, which the map held until now). Every figure is written down on purpose - the one not in use is recorded rather than dropped, so nobody has to rediscover the disagreement. Read 2026-09-25; OpenStreetMap has no usable figure for this ground."
Q652516,Benevento Calcio,IT,,,16867,,,,https://en.wikipedia.org/wiki/2026%E2%80%9327_Serie_B,"CONTESTED CAPACITY, SETTLED BY THE RULE. In use: 16867 (the 2026-27 Serie B stadiums table, and StadiumDB gives exactly 16867 for the Stadio Ciro Vigorito). Not taken: 25000 (Wikidata, which the map held until now). Every figure is written down on purpose - the one not in use is recorded rather than dropped, so nobody has to rediscover the disagreement. Read 2026-09-25; OpenStreetMap has no usable figure for this ground."
Q3626037,Associazione Calcio La Dominante,IT,skip,,,,,,https://en.wikipedia.org/wiki/2026%E2%80%9327_Serie_B; https://it.wikipedia.org/wiki/Associazione_Calcio_La_Dominante,"OFF THE MAP, BECAUSE THE CLUB DISSOLVED IN 1931. Wikidata gives Q3626037 one P118, Q194052 Serie B, at normal rank - dated 1927 to 1931, but the club query does not read dates, so it arrived at tier 2 at the Stadio del Littorio in Genoa-Cornigliano. Read on a runner 2026-09-25: neither the 2026-27 Serie B article (20 clubs, 20 of 20 resolved) nor the 2026-27 Serie A article (20 of 20) lists it. It has no English Wikipedia article, so the independent reason is the ITALIAN Wikipedia infobox: 'Fondazione 1927, Scioglimento 1931' - a 1927 merger of Andrea Doria and Sampierdarenese, renamed FBC Liguria in 1930 and dissolved the year after. Wikidata carries no P576 on the item. Shape 4. No tier is written. Delete this row to bring it back, which would be wrong."
Q113331350,ACS Mediaș 2022,RO,,Stadionul Gaz Metan,,46.172584,24.352687,,https://www.openstreetmap.org/way/105611613,"Coordinates from OpenStreetMap (confident match in coordinate-review.csv, 2026-09-26), applied on Alexandru's instruction. Club confirmed by the 2026-27 Liga III article. Ground confirmed by English and Romanian Wikipedia (club infobox: Gaz Metan; the stadium article lists ACS Mediaș as tenant since 2022, the phoenix club of the dissolved Gaz Metan Mediaș Q856790). Capacity left blank: 7814 is Wikidata and the stadium article, not an independent second source"
Q120784310,CSO Băicoi,RO,,Stadionul Petrolul,,45.031099,25.837318,,https://www.openstreetmap.org/way/14357372,"Coordinates from OpenStreetMap (confident match in coordinate-review.csv, 2026-09-26), applied on Alexandru's instruction. Club confirmed by the 2026-27 Liga III article. Ground confirmed by English Wikipedia's club infobox (Stadionul Petrolul (Băicoi), capacity 1500 - one source, so left blank)"
Q66424146,SCM Zalău,RO,,Stadionul Municipal (Zalău),,47.173092,23.059818,,https://www.openstreetmap.org/way/172811034,"Coordinates from OpenStreetMap (confident match in coordinate-review.csv, 2026-09-26), applied on Alexandru's instruction. Club confirmed by the 2026-27 Liga III article. Ground confirmed by English Wikipedia: club infobox and the stadium article (tenant since 2019), whose own coordinate 47.172806/23.059778 is about 30 m from this one. Capacity 3500 there, one source, left blank"
Q118904605,CSM Vaslui,RO,,Stadionul Municipal Vaslui,,46.633551,27.73325,,https://www.openstreetmap.org/way/256557708,"Coordinates from OpenStreetMap (coordinate-review.csv, 2026-09-26). Resolved before applying: club confirmed by the 2026-27 Liga III article; ground confirmed by English Wikipedia (club infobox and the Vaslui Municipal Stadium article, tenant since 2018), and Wikidata's ground item Q549018 sits 3 m away. Capacity 9240 there and on Q549018 - not independent, left blank. The same ground was proposed for CS Sporting Juniorul Vaslui Q99448017, which no roster names; that one is held in data/coordinate-reviews.csv"
Q56677281,Gloria Bistrița,RO,,Stadionul Jean Pădureanu,7814,47.130833,24.502778,,https://en.wikipedia.org/wiki/2026%E2%80%9327_Liga_II; https://www.wikidata.org/wiki/Q1532041,"Resolved before applying (2026-09-26): club confirmed by the 2026-27 Liga II article, whose stadiums table gives Jean Pădureanu. Coordinates are the ground item Q1532041's own P625, the same point FC Bistrița Q24895825 already sat on. UPDATE 2026-09-26: FC Bistrița now has a skip row (dissolved 2017), so this club is alone on the pin. CAPACITY: in use 7814 (the Liga II stadiums table); 7800 from Wikidata Q1532041 and the stadium article agrees within 5%. NOT THE SAME CLUB AS FC Bistrița Q24895825: that one was founded 2013 and dissolved 2017 per English Wikipedia; this one was founded 2018 as the unofficial successor of ACF Gloria Bistrița"
Q106779019,FC Bacău,RO,,Ruși-Ciutea Sportsbase,700,46.521722,26.953861,,https://en.wikipedia.org/wiki/Ru%C8%99i-Ciutea_Sportsbase; https://en.wikipedia.org/wiki/2026%E2%80%9327_Liga_II,"Resolved before applying (2026-09-26): the club is active - the 2026-27 Liga II article lists it with Ruși-Ciutea as its ground, and its English and Romanian infoboxes say the same. The OpenStreetMap proposal was WRONG: it was the Stadionul Municipal Bacău, closed since 2014 (English and Romanian Wikipedia) and not this club's ground. Coordinates from the stadium article's own coord (46°31'18.2""N 26°57'13.9""E); its Wikidata item Q131850809 has none. CAPACITY: in use 700 (Liga II table, English club infobox and stadium article agree). Not taken: 1500 (Romanian club infobox). The 2026-27 Liga III article's 'Bacău II' links this same item - that is the reserve side, which is why roster-review.csv names Q106779019 in Liga III too"
Q55864953,ACS Înainte Modelu,RO,,Stadionul Vasile Enache,,44.202239,27.384969,,https://en.wikipedia.org/wiki/Vasile_Enache_Stadium,"Resolved before applying (2026-09-26): club confirmed by the 2026-27 Liga III article; ground Vasile Enache per its English infobox and the stadium article (tenant since 2009). Coordinates are the stadium article's own, identical to Wikidata's P625 on Q7596446 (labelled Stadionul Prefab, same site in Modelu). The OpenStreetMap proposal was WRONG: it was Dunărea Călărași's own pin, 4.6 km away. Capacity left blank: 1000 (stadium article) against 1150 (club infobox), not within 5%. Q74127553 'Înainte Modelu' looks like a thin duplicate of this item - see data/coordinate-reviews.csv"
Q24895825,FC Bistrița,RO,skip,,,,,,https://en.wikipedia.org/wiki/FC_Bistri%C8%9Ba; https://en.wikipedia.org/wiki/2026%E2%80%9327_Liga_II; https://en.wikipedia.org/wiki/2026%E2%80%9327_Liga_III,"OFF THE MAP, BECAUSE THE CLUB DISSOLVED IN 2017. Removed 2026-09-26 on Alexandru's instruction. Wikidata gives Q24895825 one P118, Q1707697 Liga III, at normal rank, P571 2013, and NO P576 - so the club query's dissolution gate never fired and it was drawn at tier 3 on the Jean Pădureanu, sharing a marker with Gloria Bistrița Q56677281. Read on a runner 2026-09-26: its English Wikipedia infobox says 'dissolved = 2017'; the 2026-27 Liga II article links only Gloria Bistrița for the town and the 2026-27 Liga III article does not name it (roster-review.csv already read it extra-not-in-roster). Caveat kept on purpose: the Liga III article's union is not a complete division list, so the absence there is weaker than the Hermannstadt standard asks - the infobox dissolution date is what the removal rests on. To bring it back: delete this row, which would only be right if the 2017 dissolution turns out to be wrong."
Q74127553,Înainte Modelu,RO,skip,,,,,,https://www.wikidata.org/wiki/Q74127553; https://en.wikipedia.org/wiki/2026%E2%80%9327_Liga_III,"OFF THE CLUB LAYER AS A THIN DUPLICATE (shape 1). Added 2026-09-26 on Alexandru's instruction. Read on a runner the same day: Q74127553 has 0 sitelinks, no P159 and no ground, and carries Q1707697 Liga III at preferred rank. Q55864953 ACS Înainte Modelu is the same club with an English article, P159 Modelu, and is the item the 2026-27 Liga III article links; it is on the map at the Vasile Enache by its own hand row. This item never reached the map (no coordinates) - the row keeps it out of coordinate-review.csv and roster counts. data/coordinate-reviews.csv already rejects it as a whole club."
Q7579573,ACS ARO Muscelul Câmpulung,RO,,Stadionul Muscelul,,45.26626,25.048275,,https://www.openstreetmap.org/way/304104666; https://en.wikipedia.org/wiki/ARO_Muscelul_C%C3%A2mpulung; https://en.wikipedia.org/wiki/2026%E2%80%9327_Liga_III,"Placed 2026-09-26 on Alexandru's instruction, checked first. Coordinates are OpenStreetMap way/304104666 'Stadionul Muscelul', whose wikidata tag is this club's own Q-id. Three things agree: the English and Romanian infoboxes give the ground as Muscelul (Câmpulung); Wikidata's own P115 is Q7596435 Stadionul Muscelul (which has no P625, hence the gap); and the 2026-27 Liga III article's map pin, 45.2671/25.0443, is 0.3 km from this way. Dissolution checked: no P576, and the club is in the 2026-27 Liga III article. One oddity recorded, not acted on: the same OSM way's wikipedia tag says 'en:ACS Inter Câmpulung', a different article from the wikidata tag. CAPACITY left blank: 6,000 is in both the English and Romanian infoboxes, but two Wikipedias copying each other are not two sources."
Q55583717,KSE Târgu Secuiesc,RO,,Stadionul Dr. Sinkovits,,45.998451,26.124657,,https://www.openstreetmap.org/way/157916749; https://en.wikipedia.org/wiki/KSE_T%C3%A2rgu_Secuiesc; https://en.wikipedia.org/wiki/2026%E2%80%9327_Liga_III,"Placed 2026-09-26 on Alexandru's instruction, checked first. Coordinates are OpenStreetMap way/157916749 'Stadionul Sinkovits' (leisure=stadium). The English and Romanian infoboxes give the ground as Dr. Sinkovits, and the 2026-27 Liga III article's map pin, 45.998/26.125, sits on this way. Dissolution checked: no P576, the club is in the 2026-27 Liga III article, and the 'withdrew' in its history is the 1992 Metalul withdrawal, not a current one. CAPACITY left blank: 3,000 in both infoboxes, the same two-Wikipedias caveat as ARO Muscelul."
Q130199486,Oltul Curtișoara,RO,,Stadionul Tineretului,,44.484307,24.331631,,https://en.wikipedia.org/wiki/Tineretului_Stadium_(Curti%C8%99oara); https://www.openstreetmap.org/way/659012696; https://en.wikipedia.org/wiki/2026%E2%80%9327_Liga_III,"Placed 2026-09-26 on Alexandru's instruction to re-examine the held Moșteni proposal, which was the wrong ground and is now rejected in data/coordinate-reviews.csv. Two independent positions agree within about 10 m: the English article 'Tineretului Stadium (Curtișoara)' (Q131850846), which names Oltul Curtișoara as tenant since 2013 and gives 44°29'03.8""N 24°19'53.6""E, and OpenStreetMap way/659012696, an unnamed soccer pitch - the coordinates are the OSM way's. Dissolution checked: no P576, and the club is in Series VI of the 2026-27 Liga III article. That article's map pin for the club, 44.5121/23.9434, is on a different Curtișoara in Dolj county and was not used. CAPACITY left blank: 500 in the stadium article and the club infobox, both English Wikipedia."
Q674799,FC Biel-Bienne,CH,skip,,,,,,https://en.wikipedia.org/wiki/2026%E2%80%9327_Swiss_Challenge_League; https://en.wikipedia.org/wiki/2026%E2%80%9327_Swiss_Super_League; https://en.wikipedia.org/wiki/FC_Biel-Bienne,"OFF THE MAP, BECAUSE ITS ONLY LEAGUE TAG IS STALE AND ITS REAL DIVISION IS BELOW WHAT THIS PASS TRACKS. Wikidata gives Q674799 one P118, Q669073 Challenge League, at normal rank, and no P576, so it arrived at tier 2. Read on a runner 2026-09-26: the 2026-27 Challenge League article lists 10 clubs and all 10 resolved to a Q-id, the 2026-27 Super League article lists 12 and all 12 resolved, so there is no unaccounted slot, and neither lists this club. The independent reason is the club's own English Wikipedia infobox: 'League: Promotion League', last recorded season 2024-25, 3rd of 18, ground the Tissot Arena (the map had the old Stadion Gurzelen at 1,500). The Orleans/Beziers/Martigues standard, not the stale-active-club (shape 6) one: the club is alive, just below every tracked tier. No tier is written - Switzerland is tracked at tiers 1 and 2 only. Delete this row, or put a tier in the cell once a lower Swiss tier is added, and it comes straight back"
Q668573,FC Chiasso,CH,skip,,,,,,https://en.wikipedia.org/wiki/2026%E2%80%9327_Swiss_Challenge_League; https://en.wikipedia.org/wiki/2026%E2%80%9327_Swiss_Super_League; https://en.wikipedia.org/wiki/FC_Chiasso,"OFF THE MAP, BECAUSE ITS ONLY LEAGUE TAG IS STALE AND ITS REAL DIVISION IS BELOW WHAT THIS PASS TRACKS. Wikidata gives Q668573 one P118, Q669073 Challenge League, at normal rank, and no P576, so it arrived at tier 2. Read on a runner 2026-09-26: the 2026-27 Challenge League article lists 10 clubs and all 10 resolved to a Q-id, the 2026-27 Super League article lists 12 and all 12 resolved, so there is no unaccounted slot, and neither lists this club. The independent reason is the club's own English Wikipedia infobox: 'League: 2. Liga', '2025-26 2. Liga Ticino, 1st of 14 (promotion)' - the sixth tier, promoted to the fifth at best. The Orleans/Beziers/Martigues standard, not the stale-active-club (shape 6) one: the club is alive, just below every tracked tier. No tier is written - Switzerland is tracked at tiers 1 and 2 only. Delete this row, or put a tier in the cell once a lower Swiss tier is added, and it comes straight back"
Q690074,FC Gossau,CH,skip,,,,,,https://en.wikipedia.org/wiki/2026%E2%80%9327_Swiss_Challenge_League; https://en.wikipedia.org/wiki/2026%E2%80%9327_Swiss_Super_League; https://en.wikipedia.org/wiki/FC_Gossau,"OFF THE MAP, BECAUSE ITS ONLY LEAGUE TAG IS STALE AND ITS REAL DIVISION IS BELOW WHAT THIS PASS TRACKS. Wikidata gives Q690074 one P118, Q669073 Challenge League, at normal rank, and no P576, so it arrived at tier 2. Read on a runner 2026-09-26: the 2026-27 Challenge League article lists 10 clubs and all 10 resolved to a Q-id, the 2026-27 Super League article lists 12 and all 12 resolved, so there is no unaccounted slot, and neither lists this club. The independent reason is the club's own English Wikipedia infobox: 'League: 2. Liga Interregional', last recorded season 2024-25, group 4, 4th of 16. The Orleans/Beziers/Martigues standard, not the stale-active-club (shape 6) one: the club is alive, just below every tracked tier. No tier is written - Switzerland is tracked at tiers 1 and 2 only. Delete this row, or put a tier in the cell once a lower Swiss tier is added, and it comes straight back"
Q368675,FC Locarno,CH,skip,,,,,,https://en.wikipedia.org/wiki/2026%E2%80%9327_Swiss_Challenge_League; https://en.wikipedia.org/wiki/2026%E2%80%9327_Swiss_Super_League; https://en.wikipedia.org/wiki/FC_Locarno,"OFF THE MAP, BECAUSE ITS ONLY LEAGUE TAG IS STALE AND ITS REAL DIVISION IS BELOW WHAT THIS PASS TRACKS. Wikidata gives Q368675 one P118, Q669073 Challenge League, at normal rank, and no P576, so it arrived at tier 2. Read on a runner 2026-09-26: the 2026-27 Challenge League article lists 10 clubs and all 10 resolved to a Q-id, the 2026-27 Super League article lists 12 and all 12 resolved, so there is no unaccounted slot, and neither lists this club. The independent reason is the club's own English Wikipedia infobox: 'League: 2. Liga Interregional', last recorded season 2024-25, group 3, 3rd of 16. The Orleans/Beziers/Martigues standard, not the stale-active-club (shape 6) one: the club is alive, just below every tracked tier. No tier is written - Switzerland is tracked at tiers 1 and 2 only. Delete this row, or put a tier in the cell once a lower Swiss tier is added, and it comes straight back"
Q583599,FC Wohlen,CH,skip,,,,,,https://en.wikipedia.org/wiki/2026%E2%80%9327_Swiss_Challenge_League; https://en.wikipedia.org/wiki/2026%E2%80%9327_Swiss_Super_League; https://en.wikipedia.org/wiki/FC_Wohlen,"OFF THE MAP, BECAUSE ITS ONLY LEAGUE TAG IS STALE AND ITS REAL DIVISION IS BELOW WHAT THIS PASS TRACKS. Wikidata gives Q583599 one P118, Q669073 Challenge League, at normal rank, and no P576, so it arrived at tier 2. Read on a runner 2026-09-26: the 2026-27 Challenge League article lists 10 clubs and all 10 resolved to a Q-id, the 2026-27 Super League article lists 12 and all 12 resolved, so there is no unaccounted slot, and neither lists this club. The independent reason is the club's own English Wikipedia infobox: 'League: 1. Liga Classic', last recorded season 2024-25, group 2, 11th of 16. The Orleans/Beziers/Martigues standard, not the stale-active-club (shape 6) one: the club is alive, just below every tracked tier. No tier is written - Switzerland is tracked at tiers 1 and 2 only. Delete this row, or put a tier in the cell once a lower Swiss tier is added, and it comes straight back"
Q187091,FC Wil,CH,2,,,,,,https://en.wikipedia.org/wiki/2026%E2%80%9327_Swiss_Challenge_League; https://en.wikipedia.org/wiki/2026%E2%80%9327_Swiss_Super_League; https://en.wikipedia.org/wiki/FC_Wil_1900,"TIER CORRECTED FROM 1 TO 2, AND THIS IS NOT WRITTEN OFF ONE TABLE - REVIEWABLE, AND ALEXANDRU'S TO OVERRULE. Wikidata's only truthy P118 on Q187091 is Q202699 Super League, normal rank, a tag left from the club's top-flight years, so it arrived at tier 1. Read on a runner 2026-09-26: the complete 2026-27 Super League article (12 of 12 resolved) does not list it, the complete 2026-27 Challenge League article (10 of 10 resolved) lists it with its ground, the Lidl Arena, and the club's own English Wikipedia infobox says 'League: Swiss Challenge League'. Three reads, two of them complete division lists - the Babelsberg shape, not the Farul one. Empty this cell and the club goes back to tier 1"
Q309456,FC Lausanne-Sport,CH,,Stade de la Tuilière,12544,46.543869,6.622844,,https://www.wikidata.org/wiki/Q53843608; https://en.wikipedia.org/wiki/2026%E2%80%9327_Swiss_Super_League; https://stadiumdb.com/stadiums/sui,"WRONG GROUND CORRECTED. Wikidata's P115 on Q309456 is still Q668606 Stade Olympique de la Pontaise, capacity 50,000 - the ground the club left in 2020 (the Pontaise article lists Lausanne-Sport as tenant 1954-2020) and a figure from its old athletics-bowl days. The club has played at the Stade de la Tuiliere since it opened on 29 November 2020: the 2026-27 Super League stadiums table, the club's infobox and the stadium's own article all say so. Capacity 12,544: the Super League table, StadiumDB and the Tuiliere's Wikidata item Q53843608 all give exactly that. Not taken: 50,000 (Wikidata, the Pontaise). Coordinates are Q53843608's own P625, read on a runner 2026-09-26; the English Wikipedia infobox coordinate for the ground is about 70 m away. The Pontaise pin now belongs to FC Stade Lausanne-Ouchy, which really does play there"
Q869907,FC Stade Lausanne-Ouchy,CH,,Stade Olympique de la Pontaise,15850,46.534,6.625,,https://en.wikipedia.org/wiki/2026%E2%80%9327_Swiss_Challenge_League; https://stadiumdb.com/stadiums/sui; https://www.wikidata.org/wiki/Q668606,"PLACED - the roster check had it as unplaced-no-coordinates: neither Q869907 nor a ground on it has a position. Its ground is the Stade Olympique de la Pontaise on three independent reads, 2026-09-26: the 2026-27 Challenge League stadiums table ('Stade Olympique', 15,850), StadiumDB's Swiss page (Pontaise, 'Stade Lausanne Ouchy', 15,850) and the Pontaise's own English Wikipedia infobox (tenants: FC Stade Lausanne Ouchy 2020-present). Coordinates are the Pontaise's Wikidata item Q668606's own P625; its Wikipedia infobox coordinate agrees within about 100 m. Capacity 15,850: the league's table and StadiumDB agree exactly. Not taken: 15,700 (the Pontaise's Wikipedia infobox, within 1%); 50,000 (Wikidata's figure for the Pontaise, from its athletics-bowl days). In the 2026-27 article and no P576 - the stale-active-club check was made before this row was written"
Q321061,FC Sion,CH,,,14283,,,,https://en.wikipedia.org/wiki/2026%E2%80%9327_Swiss_Super_League; https://www.openstreetmap.org/,"CONTESTED CAPACITY, SETTLED BY TWO SOURCES AGREEING. In use: 14,283 (the 2026-27 Super League stadiums table, and OpenStreetMap's capacity tag on the Stade de Tourbillon - identical; the stadium's Wikipedia article gives the same, citing the league's site). Not taken: 16,263 (Wikidata, which the map held until now); 20,187 (StadiumDB). The UTA Arad rule: two independent sources within 5%, the map's figure outside it, so the map's figure is the outlier; the league table's figure is the one taken"
Q633521,FC Lugano,CH,,AIL Arena,<clear>,46.023088,8.96012,,https://en.wikipedia.org/wiki/2026%E2%80%9327_Swiss_Super_League; https://en.wikipedia.org/wiki/FC_Lugano; https://www.wikidata.org/wiki/Q140038602; https://www.wikidata.org/wiki/Q671287,"GROUND PINNED TO THE AIL ARENA 2026-09-26; CAPACITY STILL CLEARED. Q633521 carries two truthy P115 values - the Stadio di Cornaredo (Q671287, with an end date of 2026) and the AIL Arena (Q140038602, start date 2026, tenant FC Lugano) - so the fetched ground is whichever row the query service returns first, the Freiburg shape. Earlier the same day this row said no Wikidata item for the AIL Arena had been found; one exists, Q140038602, and it carries a position. Three sources agree on the ground: the 2026-27 Super League stadiums table (AIL Arena), the club's English Wikipedia infobox (AIL Arena) and Wikidata's own dated statements. Position: Q140038602's P625, 46.023088/8.96012 - about 130 m from the Cornaredo's, the new ground is on the old site. CAPACITY IS NOT WRITTEN: 8,093 on Wikidata and in the club infobox, 8,793 in the Super League table, 8% apart and no third figure (StadiumDB has no Lugano ground). 15,000, the Cornaredo's Wikidata figure, stays cleared. What would settle it: one more source for the AIL Arena's capacity"
Q216773,FC Vaduz,CH,,,,,,,https://en.wikipedia.org/wiki/2026%E2%80%9327_Swiss_Super_League,"NOT AN ERROR, AND DELIBERATELY NOT CHANGED - this row alters no value, it records why nothing was altered. The Monaco shape. The country check flags this club every run because Wikidata's P17 on Q216773 is Q347 Liechtenstein, not Switzerland, and that is TRUE: the ground, the Rheinpark Stadion, is in Vaduz. It is in CH.json because it plays in the Swiss pyramid - Liechtenstein has no league of its own - and the complete 2026-27 Super League article lists it ('FC Vaduz return to the top tier after a five-year absence'). The file is Switzerland's league pyramid, not Switzerland's territory. Not the Veltheim/Triesenberg shape, where a WRONG league tag put a club on a German map: here a right one put it on the Swiss one"
Q106394,SC Freiburg,DE,,Europa-Park-Stadion,34700,48.021536,7.830006,,https://en.wikipedia.org/wiki/2026%E2%80%9327_Bundesliga; https://www.wikidata.org/wiki/Q106394,"PINNED BECAUSE THE FETCHED GROUND FLAPS. Wikidata's Q106394 carries two truthy P115 values, the Dreisamstadion and the Europa-Park-Stadion, and fetch_clubs.py keeps whichever row the query service happens to return first - so the map has alternated between the two on every rebuild since 2026-09-25 (seven rebuilds checked, 2026-09-26), and CLAUDE.md's 'Wikidata catching up' was a misreading of one flip. The club has played at the Europa-Park-Stadion since 2021. Capacity 34,700: the 2026-27 Bundesliga stadiums table and the Europa-Park-Stadion's figure on Wikidata agree exactly. Not taken: 24,000 (the Dreisamstadion's, which the map showed on alternate builds). Coordinates are the ones the Europa-Park-Stadion's Wikidata item supplied on the builds that picked it. SC Freiburg is the only club in any country file whose ground changed between rebuilds in that window"
Q159930,BFC Dynamo,DE,,Stadion im Sportforum,<clear>,52.54,13.4764,,https://en.wikipedia.org/wiki/Berliner_FC_Dynamo; https://de.wikipedia.org/wiki/BFC_Dynamo; https://www.wikidata.org/wiki/Q551837; https://stadiumdb.com/stadiums/ger; https://www.wikidata.org/wiki/Q656063,"GROUND PINNED TO THE SPORTFORUM 2026-09-27, CAPACITY STILL BLANK - Alexandru's decision, taken over the two-against-one split left open on 2026-09-26. Q159930 carries two truthy P115 values, Sportforum Hohenschoenhausen (Q551837) and the Friedrich-Ludwig-Jahn-Sportpark (Q656063, 19,708), and fetch_clubs.py builds a club from whichever rows come back first, so until a hand row pinned it the ground could flap between the two. In use: the Sportforum. The club's English and German Wikipedia infoboxes both say Stadion im Sportforum (read on a runner 2026-09-27), and the English infobox's coordinate (52 32 27 N 13 28 34 E) lands on Q551837, whose own P625 52.54/13.4764 is the position written here. Not taken: StadiumDB, which still lists the Jahn-Sportpark for 'Dynamo' at 19,708 - set aside on Alexandru's instruction because StadiumDB's coverage of German football at this tier was measured as thin, so its listing is weaker evidence here than Wikipedia's two editions; it is recorded, not dropped. CAPACITY BLANK ON PURPOSE: 4,500 is the infobox figure, but both infoboxes cite the same Tag24 article (one source twice) and Wikidata has no P1083 on Q551837 - no two independent sources agree, and 19,708 is the other ground's. The <clear> stops the Jahn-Sportpark's figure coming back if the rows arrive in the other order"
Q107421,VfB Stuttgart II,DE,,WIRmachenDRUCK Arena,10001,48.980485,9.393005,,https://en.wikipedia.org/wiki/2026%E2%80%9327_3._Liga; https://stadiumdb.com/stadiums/ger; https://en.wikipedia.org/wiki/VfB_Stuttgart_II; https://www.wikidata.org/wiki/Q1122869,"GROUND CORRECTED AND PINNED 2026-09-26. Q107421 carries two truthy P115 values, the Robert-Schlienz-Stadion (Q2156256) and the Gazi-Stadion auf der Waldau (Q317837), and the map showed whichever came back first - the Waldau, shared with Stuttgarter Kickers. NEITHER IS WHERE THE CLUB PLAYS. Three sources agree on a third ground: the 2026-27 3. Liga stadiums table (WIRmachenDRUCK Arena, Aspach, 10,001), StadiumDB (WIRmachenDRUCK Arena, Aspach, 'SG Sonnenhof, VfB Stuttgart II', 10,001) and the club's English Wikipedia infobox (WIRmachenDRUCK Arena, Aspach, 10,001). Capacity 10,001; not taken: the ground item's own P1083 10,000 (within the band), the Waldau's 11,436 and the Schlienz-Stadion's 5,000. Position: Q1122869, the WIRmachenDRUCK Arena's Wikidata item, carries TWO P625 values about 100 m apart, both on the ground; the more precise one is written. The Waldau pin is Stuttgarter Kickers' alone from now on"
Q245162,FC Rapid București,RO,,Stadionul Rapid-Giulești,14047,44.455889,26.056806,,https://en.wikipedia.org/wiki/2026%E2%80%9327_Liga_I; https://stadiumdb.com/stadiums/rou; https://en.wikipedia.org/wiki/FC_Rapid_Bucure%C8%99ti; https://www.wikidata.org/wiki/Q97889239,"GROUND CORRECTED AND PINNED 2026-09-26. Q245162 carries two truthy P115 values, the Stadionul Rapid-Giulesti (Q97889239) and the Stadionul Regie (Q1888199), and the map showed the REGIE at 10,020 - the ground StadiumDB lists for Sportul, not Rapid. Three sources agree the club plays at Giulesti: the 2026-27 Liga I stadiums table (Superbet Arena-Giulesti, 14,047), StadiumDB (Stadionul Rapid-Giulesti, Rapid, 14,047) and the club's English Wikipedia infobox (Rapid-Giulesti, 14,048). Capacity 14,047, the league table's figure, which StadiumDB matches exactly. Not taken: 14,048 (infobox), 14,000 (Q97889239 on Wikidata), 10,020 (the Regie, which the map held). Position: Q97889239's P625"
Q681483,FC Rapperswil-Jona,CH,2,Stadion Grünfeld,<clear>,47.222062,8.843983,,https://en.wikipedia.org/wiki/2026%E2%80%9327_Swiss_Challenge_League; https://en.wikipedia.org/wiki/2026%E2%80%9327_Swiss_Super_League; https://en.wikipedia.org/wiki/FC_Rapperswil-Jona; https://www.wikidata.org/wiki/Q26868807,"ON THE MAP UNDER ITS OWN Q-ID since 2026-09-27, through the hand-named fallback in fetch_clubs.py. Added by hand on Alexandru's instruction of 2026-09-26, first with NO clubQid, which gave it a made-up MANUAL- id - and the roster check, which joins on Q-ids, then reported this one club twice on every run: Q681483 missing-from-wikidata and the MANUAL- club extra-not-in-roster. On 2026-09-27 he asked for that fixed properly. Q681483's only league tag is Q672305 1. Liga, which is not mapped and must not be (a real lower tier), so the club query never returns the item; the hand-named fallback now brings it in because this row names the Q-id with a country and a tier, Wikidata has the item with no P576, and the 2026-27 Challenge League article names it. TIER 2 rests on both season articles, read on a runner 2026-09-26: the complete 2026-27 Challenge League article lists it (Stadion Gruenfeld, 3,200) with its 2026-27 matches, the complete Super League article does not mention it, and its English infobox says League: Challenge League, promoted as 2024-25 Promotion League champions. Ground: Stadion Gruenfeld on the table and both Wikipedias' infoboxes; position is the ground's own item Q26868807, 47.222062/8.843983. CAPACITY CLEARED: 2,500 (English and German club infoboxes, one source twice), 2,700 (German stadium article), 3,200 (Challenge League table), 4,350 (Q26868807) - no two independent sources agree, and the <clear> keeps a figure Wikidata might attach to the item off the map. If the fallback cannot confirm it in a build (a roster read failed), the club is missing from that build and the run summary says so"
Q673268,FC Stade Nyonnais,CH,2,Stade de Colovray,7200,46.370711,6.226201,,https://en.wikipedia.org/wiki/2026%E2%80%9327_Swiss_Challenge_League; https://en.wikipedia.org/wiki/2026%E2%80%9327_Swiss_Super_League; https://en.wikipedia.org/wiki/FC_Stade_Nyonnais; https://www.wikidata.org/wiki/Q663758,"ON THE MAP UNDER ITS OWN Q-ID since 2026-09-27, through the hand-named fallback in fetch_clubs.py. Added by hand on Alexandru's instruction of 2026-09-26, first with NO clubQid, which gave it a made-up MANUAL- id - and the roster check, which joins on Q-ids, then reported this one club twice on every run: Q673268 missing-from-wikidata and the MANUAL- club extra-not-in-roster. On 2026-09-27 he asked for that fixed properly. Q673268's only league tag is Q25762 Promotion League, which is not mapped and must not be (a real lower tier), so the club query never returns the item; the hand-named fallback now brings it in because this row names the Q-id with a country and a tier, Wikidata has the item with no P576, and the 2026-27 Challenge League article names it. TIER 2 rests on both season articles, read on a runner 2026-09-26: the complete 2026-27 Challenge League article lists it (Stade de Colovray, 7,200) with its 2026-27 matches, the complete Super League article names it only in the navigation box, under Challenge League, and its English infobox says League: Challenge League, 2025-26 9th of 10. Ground and position: Q673268's own P115 is Q663758 Centre sportif de Colovray, whose P625 46.370711/6.226201 is written here and whose tenant (P466) is this club. Capacity 7,200: Q663758's P1083, the Challenge League table and the club infobox agree. If the fallback cannot confirm it in a build (a roster read failed), the club is missing from that build and the run summary says so"
Q696525,FC Blau-Weiß Linz,AT,2,,5595,,,,https://en.wikipedia.org/wiki/2026%E2%80%9327_Austrian_Football_Bundesliga; https://en.wikipedia.org/wiki/2026%E2%80%9327_Austrian_Football_Second_League; https://en.wikipedia.org/wiki/FC_Blau-Wei%C3%9F_Linz; https://stadiumdb.com/stadiums/aut,"TIER CORRECTED FROM 1 TO 2 - reviewable, and Alexandru's to overrule. Wikidata's only P118 on Q696525 is Q219592 Bundesliga (from 2023, normal rank, no end date), so it arrived at tier 1. Read on a runner 2026-09-26: the complete 2026-27 Bundesliga article (12 of 12 resolved) does not list it, the complete 2026-27 2. Liga article lists it and says 'FC Blau-Weiss Linz was relegated from the Bundesliga in 2025-26', and the club's English Wikipedia infobox says 2025-26 Austrian Bundesliga, 12th of 12 (relegated). Three reads, two of them complete division lists - the FC Wil shape. CAPACITY 5,595: StadiumDB and the club infobox agree exactly on the Hofmann Personal Stadion; Wikidata had none. Not taken: 5,000 (2. Liga table). Empty the tier cell and the club goes back to tier 1"
Q731715,VSE St. Pölten,AT,skip,,,,,,https://en.wikipedia.org/wiki/2026%E2%80%9327_Austrian_Football_Bundesliga; https://en.wikipedia.org/wiki/2026%E2%80%9327_Austrian_Football_Second_League; https://de.wikipedia.org/wiki/VSE_St._P%C3%B6lten,"OFF THE MAP - A CLUB THAT NO LONGER EXISTS, drawn at tier 1 at the Voithplatz. Wikidata gives Q731715 one P118, Q219592 Bundesliga, dated 1988-1994, and no P576; the club query does not read dates, so it arrived at tier 1. Neither complete 2026-27 article lists it (Bundesliga 12 of 12, 2. Liga 16 rows all accounted for). The independent reason is the German Wikipedia infobox, the club having no English article: 'aufgeloest 1998'. The Hermannstadt standard, met. Shape 4. SKN St. Poelten (Q427491) is a different item and is on the map at tier 2"
Q697322,FC Gratkorn,AT,skip,,,,,,https://en.wikipedia.org/wiki/2026%E2%80%9327_Austrian_Football_Bundesliga; https://en.wikipedia.org/wiki/2026%E2%80%9327_Austrian_Football_Second_League; https://en.wikipedia.org/wiki/FC_Gratkorn,"OFF THE MAP - A STALE LEAGUE TAG, THE CLUB NOW PLAYS FAR BELOW. Wikidata gives Q697322 one P118, Q650236 2. Liga, normal rank, no dates, no P576, so it arrived at tier 2. Neither complete 2026-27 article lists it (Bundesliga 12 of 12, 2. Liga 16 rows all accounted for). The independent reason is its English Wikipedia infobox: League: Unterliga Central, relegated from the Oberliga Central West in 2023-24. No tier is written - Austria is tracked at tiers 1-2 only. Empty this row to bring it back"
Q1387445,FC Juniors OÖ,AT,skip,,,,,,https://en.wikipedia.org/wiki/2026%E2%80%9327_Austrian_Football_Bundesliga; https://en.wikipedia.org/wiki/2026%E2%80%9327_Austrian_Football_Second_League; https://en.wikipedia.org/wiki/FC_Juniors_O%C3%96,"OFF THE MAP - A STALE LEAGUE TAG. Wikidata gives Q1387445 one P118, Q650236 2. Liga, normal rank, no dates, no P576, so it arrived at tier 2 at the Waldstadion Pasching. Neither complete 2026-27 article lists it (Bundesliga 12 of 12, 2. Liga 16 rows all accounted for). The independent reason is its English Wikipedia infobox: League: Regionalliga North, 2025-26 Regionalliga Central, 4th of 16. No tier is written - Austria is tracked at tiers 1-2 only. Empty this row to bring it back"
Q692186,FC Lustenau 07,AT,skip,,,,,,https://en.wikipedia.org/wiki/2026%E2%80%9327_Austrian_Football_Bundesliga; https://en.wikipedia.org/wiki/2026%E2%80%9327_Austrian_Football_Second_League; https://en.wikipedia.org/wiki/FC_Lustenau_07,"OFF THE MAP - A STALE LEAGUE TAG. Wikidata gives Q692186 one P118, Q650236 2. Liga, normal rank, no dates, no P576, so it arrived at tier 2 on the Reichshofstadion, sharing SC Austria Lustenau's pin. Neither complete 2026-27 article lists it (Bundesliga 12 of 12, 2. Liga 16 rows all accounted for). The independent reason is its English Wikipedia infobox: League: Austrian Regionalliga West, 2025-26 12th of 17, ground the Stadion an der Holzstrasse. No tier is written. Empty this row to bring it back"
Q699184,SK Austria Klagenfurt,AT,skip,,,,,,https://en.wikipedia.org/wiki/2026%E2%80%9327_Austrian_Football_Bundesliga; https://en.wikipedia.org/wiki/2026%E2%80%9327_Austrian_Football_Second_League; https://en.wikipedia.org/wiki/SK_Austria_Klagenfurt_(2007),"OFF THE MAP - RELEGATED BELOW WHAT THIS PASS TRACKS. Wikidata's preferred P118 on Q699184 is Q650236 2. Liga (from 2025), no P576, so it arrived at tier 2 at the Woerthersee Stadion. Neither complete 2026-27 article lists it (Bundesliga 12 of 12, 2. Liga 16 rows all accounted for), and the 2. Liga article says why: 'Austria Klagenfurt were relegated to the third tier following an insolvency application and multiple financial violations'. Its English Wikipedia infobox agrees: League: Austrian Regionalliga South, 2025-26 2. Liga 12th of 16 (relegated). No tier is written. Empty this row to bring it back"
Q22866,SV Austria Salzburg,AT,,Max Aicher Stadion,1566,47.79238,13.01373,,https://en.wikipedia.org/wiki/2026%E2%80%9327_Austrian_Football_Second_League; https://stadiumdb.com/stadiums/aut; https://en.wikipedia.org/wiki/SV_Austria_Salzburg; https://www.wikidata.org/wiki/Q20180568,"PLACED - the roster check had it as unplaced-no-coordinates: Q22866 carries Q650236 2. Liga at preferred rank, so the club query sees it, but neither it nor any ground on it has a position. Its ground is the Max Aicher Stadion on three independent reads, 2026-09-26: the 2026-27 2. Liga stadiums table (Max Aicher Stadion, 1,566), StadiumDB's Austrian page (Max-Aicher-Stadion, Salzburg, 'Austria', 1,566) and the club's English Wikipedia infobox (Max Aicher Stadion, 1,566); the German Wikipedia stadium article names SV Austria Salzburg as its club. Position: the ground's Wikidata item Q20180568, 47.79238/13.01373, which the German article gives too. Checked before it was written: in the 2026-27 article, no P576, infobox 2025-26 2. Liga 9th of 16 - not shape 6"
Q392310,LASK,AT,,Raiffeisen Arena,19080,48.293717,14.276595,,https://en.wikipedia.org/wiki/2026%E2%80%9327_Austrian_Football_Bundesliga; https://stadiumdb.com/stadiums/aut; https://en.wikipedia.org/wiki/Raiffeisen_Arena_(Linz); https://www.wikidata.org/wiki/Q116693275,"GROUND CORRECTED 2026-09-26. Wikidata's P115 on Q392310 is Q686798, the old Linzer Stadion (opened 1952, 18,000). LASK has played at the Raiffeisen Arena, built on the same site and opened 17 February 2023, and that ground has its own Wikidata item, Q116693275 (tenant LASK). Three sources agree on it and its capacity: the 2026-27 Bundesliga stadiums table (Raiffeisen Arena, 19,080), StadiumDB (Raiffeisen Arena, LASK, 19,080) and the club's English Wikipedia infobox (19,080). Position: Q116693275's P625, about 40 m from the old stadium's. Not taken: 18,000 (the Linzer Stadion's)"
Q994811,FC Red Bull Salzburg,AT,,,30188,,,,https://en.wikipedia.org/wiki/2026%E2%80%9327_Austrian_Football_Bundesliga; https://stadiumdb.com/stadiums/aut,"CONTESTED CAPACITY. In use: 30,188 (the 2026-27 Bundesliga stadiums table and StadiumDB agree exactly). Not taken: 31,895 (Wikidata's figure for Q206135 Red Bull Arena, which the map held until now). The UTA Arad rule: two independent sources agree and the map's figure is the outlier"
Q659780,Grazer AK,AT,,,16364,,,,https://en.wikipedia.org/wiki/2026%E2%80%9327_Austrian_Football_Bundesliga; https://stadiumdb.com/stadiums/aut,"CONTESTED CAPACITY. In use: 16,364 (the 2026-27 Bundesliga stadiums table; StadiumDB's 16,764 is within 5% of it). Not taken: 16,764 (StadiumDB), 15,400 (Wikidata's figure for Q696491 Merkur Arena, which the map held until now, 6% below the table). The ground is shared with SK Sturm Graz, genuinely - StadiumDB and the ground's Wikidata tenants both name both clubs - and that row carries the same figure"
Q124007617,SK Sturm Graz,AT,,,16364,,,,https://en.wikipedia.org/wiki/2026%E2%80%9327_Austrian_Football_Bundesliga; https://stadiumdb.com/stadiums/aut,"CONTESTED CAPACITY. In use: 16,364 (the 2026-27 Bundesliga stadiums table; StadiumDB's 16,764 is within 5% of it). Not taken: 16,764 (StadiumDB), 15,400 (Wikidata's figure for Q696491 Merkur Arena, which the map held until now). Shared ground with Grazer AK, genuinely. Q124007617 is the item the English Wikipedia article SK Sturm Graz links, with 51 sitelinks - checked for a second Sturm item and there is none carrying a league tag; SK Sturm Graz II is Q98217947"
Q699746,TSV Hartberg,AT,,,5024,,,,https://en.wikipedia.org/wiki/2026%E2%80%9327_Austrian_Football_Bundesliga; https://stadiumdb.com/stadiums/aut,"CONTESTED CAPACITY. In use: 5,024 (the 2026-27 Bundesliga stadiums table and StadiumDB agree exactly). Not taken: 4,500 (Wikidata's figure for Q1232645 Stadion Hartberg, which the map held until now)"
Q686659,WSG Tirol,AT,,,16008,,,,https://en.wikipedia.org/wiki/2026%E2%80%9327_Austrian_Football_Bundesliga; https://stadiumdb.com/stadiums/aut; https://www.bundesliga.at/de/team/wsg-tirol/6540/stadion; https://www.2liga.at/de/team/fc-wacker-innsbruck/6537/stadion; https://www.wsg-fussball.at/de/verein/stadion/,"ONE GROUND, ONE FIGURE, 2026-09-27 - on Alexandru's instruction that the Tivoli be settled the way every confirmed shared ground is. The Tivoli Stadion Tirol is genuinely shared with FC Wacker Innsbruck (its Wikidata tenant, both clubs' league pages, the stadium article), and until today the two rows carried 16,008 and 17,400. In use on both: 16,008 - the league's own team pages for BOTH clubs (bundesliga.at for WSG, 2liga.at for Wacker, read on a runner 2026-09-27), the 2026-27 Bundesliga stadiums table and StadiumDB agree exactly, and both of WSG's Wikipedia infoboxes say the same. Not taken, and written down so nobody rediscovers them: 17,000 (the 2026-27 2. Liga table, the English and German stadium articles, and WSG Tirol's own stadium page, which gives 15,200 seats and 17,000 'in combination with standing places' - the total capacity, where the league's figure is what it licenses); 17,400 (Wikidata's figure for Q204484, which the map held until 2026-09-26). WSG's page adds that its home games open only the east and west stands, about 10,000. FC Wacker Innsbruck's row carries the same figure"
Q131215,SK Rapid Wien,AT,,,28600,,,,https://en.wikipedia.org/wiki/2026%E2%80%9327_Austrian_Football_Bundesliga; https://stadiumdb.com/stadiums/aut,"CAPACITY FILLED, 2026-09-26. Wikidata has no P1083 on Q17310225 Allianz Stadion, so the map had none. In use: 28,600 (the 2026-27 Bundesliga stadiums table; StadiumDB's 28,666 is within 1%). Not taken: 28,666 (StadiumDB), 28,345 (the 2. Liga table's figure on the SK Rapid II row)"
Q60967849,Young Violets Austria Wien,AT,,,,,,,https://en.wikipedia.org/wiki/2026%E2%80%9327_Austrian_Football_Second_League; https://www.2liga.at/de/team,"NOT AN ERROR, AND DELIBERATELY NOT CHANGED - this row alters no value, it records why nothing was altered. This is FK Austria Wien's reserve side, which the 2026-27 2. Liga article lists as 'Austria Wien II' at the Generali Arena. That row of the table has no link of its own - its first link is the city of Vienna - so until 2026-09-27 the roster check named no Q-id for it and reported this club extra-not-in-roster on every run. Since then a hand link in data/roster-links-manual.csv joins the row to Q60967849 and the check reads it as one club in its division. The club belongs at tier 2 and stays"
Q651198,FK BSK Borča,RS,skip,,,,,,https://en.wikipedia.org/wiki/2026%E2%80%9327_Serbian_SuperLiga; https://en.wikipedia.org/wiki/2026%E2%80%9327_Serbian_First_League; https://en.wikipedia.org/wiki/FK_BSK_Bor%C4%8Da,"OFF THE MAP - A DATED LEAGUE TAG. Wikidata gives Q651198 one P118, Q235307 SuperLiga, normal rank, qualified 2009-2013, and no P576; the club query does not read end dates, so it arrived at tier 1 on the Vizelj park. Neither complete 2026-27 article lists it (SuperLiga 14 of 14 resolved, First League 16 of 16 resolved), read on a runner 2026-09-27. The independent reason is its English Wikipedia infobox: League: Belgrade First League, 2024-25, 11th. No tier is written - Serbia is tracked at tiers 1-2 only. Empty this row to bring it back"
Q2513289,FK Budućnost Banatski Dvor,RS,skip,,,,,,https://en.wikipedia.org/wiki/2026%E2%80%9327_Serbian_SuperLiga; https://en.wikipedia.org/wiki/2026%E2%80%9327_Serbian_First_League; https://en.wikipedia.org/wiki/FK_Budu%C4%87nost_Banatski_Dvor,"OFF THE MAP - A CLUB THAT NO LONGER EXISTS. Wikidata gives Q2513289 one P118, Q235307 SuperLiga, normal rank, qualified 2005-2006, and no P576, so it arrived at tier 1 at the Stadion Mirko Vucurevic. Neither complete 2026-27 article lists it (SuperLiga 14 of 14 resolved, First League 16 of 16 resolved), read on a runner 2026-09-27. The independent reason is its English Wikipedia infobox: 'Dissolved 2006 (became FK Banat Zrenjanin)' - and Banat Zrenjanin itself carries P576 2016. Shape 4. No tier is written - Serbia is tracked at tiers 1-2 only. Empty this row to bring it back"
Q2505780,FK Proleter Novi Sad,RS,skip,,,,,,https://en.wikipedia.org/wiki/2026%E2%80%9327_Serbian_SuperLiga; https://en.wikipedia.org/wiki/2026%E2%80%9327_Serbian_First_League; https://en.wikipedia.org/wiki/FK_Proleter_Novi_Sad,"OFF THE MAP - A CLUB THAT NO LONGER EXISTS. Wikidata gives Q2505780 two P118, First League (2009-2018) and SuperLiga (2018-2022), both normal rank, both dated, and no P576, so it arrived at tier 1 on the Karadjordje Stadium in Novi Sad, sharing FK Vojvodina's pin. Neither complete 2026-27 article lists it (SuperLiga 14 of 14 resolved, First League 16 of 16 resolved), read on a runner 2026-09-27. The independent reason is its English Wikipedia infobox: 'Dissolved 2022', last season 2021-22, SuperLiga 16th of 16 (relegated). Shape 4. No tier is written - Serbia is tracked at tiers 1-2 only. Empty this row to bring it back"
Q2561958,FK Proleter Zrenjanin,RS,skip,,,,,,https://en.wikipedia.org/wiki/2026%E2%80%9327_Serbian_SuperLiga; https://en.wikipedia.org/wiki/2026%E2%80%9327_Serbian_First_League; https://en.wikipedia.org/wiki/FK_Proleter_Zrenjanin,"OFF THE MAP - A CLUB THAT NO LONGER EXISTS. Wikidata gives Q2561958 one P118, Q235307 SuperLiga, normal rank, ending 2000, and no P576, so it arrived at tier 1 at the Stadion Karadjordjev park. Neither complete 2026-27 article lists it (SuperLiga 14 of 14 resolved, First League 16 of 16 resolved), read on a runner 2026-09-27. The independent reason is its English Wikipedia infobox: 'Dissolved 11 December 2005', last season 2005-06 in the Serbian League Vojvodina (withdrew). Shape 4. NOT the same club as FK Proleter 023 (Q140302346), founded 9 July 2026, which plays at the same ground in the 2026-27 First League and has its own row. No tier is written - Serbia is tracked at tiers 1-2 only. Empty this row to bring it back"
Q995113,FK Sloboda Užice,RS,skip,,,,,,https://en.wikipedia.org/wiki/2026%E2%80%9327_Serbian_SuperLiga; https://en.wikipedia.org/wiki/2026%E2%80%9327_Serbian_First_League; https://en.wikipedia.org/wiki/FK_Sloboda_U%C5%BEice,"OFF THE MAP - A DATED LEAGUE TAG. Wikidata gives Q995113 one P118, Q235307 SuperLiga, normal rank, qualified 2010-2014, and no P576, so it arrived at tier 1 at the Radomir Antic Stadium. Neither complete 2026-27 article lists it (SuperLiga 14 of 14 resolved, First League 16 of 16 resolved), read on a runner 2026-09-27. The independent reason is its English Wikipedia infobox: League: Serbian League West, 2025-26, 6th of 16. No tier is written - Serbia is tracked at tiers 1-2 only. Empty this row to bring it back"
Q953621,FK Bežanija,RS,skip,,,,,,https://en.wikipedia.org/wiki/2026%E2%80%9327_Serbian_SuperLiga; https://en.wikipedia.org/wiki/2026%E2%80%9327_Serbian_First_League; https://en.wikipedia.org/wiki/FK_Be%C5%BEanija,"OFF THE MAP - A STALE LEAGUE TAG. Wikidata gives Q953621 one P118, Q1813595 First League, normal rank, undated, and no P576, so it arrived at tier 2 at the Stadion FK Bezanija. Neither complete 2026-27 article lists it (SuperLiga 14 of 14 resolved, First League 16 of 16 resolved), read on a runner 2026-09-27. The independent reason is its English Wikipedia infobox: League: Belgrade Zone League, 2024-25, 7th. No tier is written - Serbia is tracked at tiers 1-2 only. Empty this row to bring it back"
Q591746,FK Inđija,RS,skip,,,,,,https://en.wikipedia.org/wiki/2026%E2%80%9327_Serbian_SuperLiga; https://en.wikipedia.org/wiki/2026%E2%80%9327_Serbian_First_League; https://en.wikipedia.org/wiki/FK_In%C4%91ija,"OFF THE MAP - A STALE PREFERRED LEAGUE TAG. Wikidata's preferred P118 on Q591746 is Q1813595 First League, from 2021, no end date, and there is no P576, so it arrived at tier 2 at the Indjija Stadium. Neither complete 2026-27 article lists it (SuperLiga 14 of 14 resolved, First League 16 of 16 resolved), read on a runner 2026-09-27. The independent reason is its English Wikipedia infobox: 2024-25 Serbian First League, 15th of 16 (relegated). No tier is written - Serbia is tracked at tiers 1-2 only. Empty this row to bring it back"
Q5426249,FK Mladost Novi Sad,RS,skip,,,,,,https://en.wikipedia.org/wiki/2026%E2%80%9327_Serbian_SuperLiga; https://en.wikipedia.org/wiki/2026%E2%80%9327_Serbian_First_League; https://en.wikipedia.org/wiki/FK_Mladost_Novi_Sad,"OFF THE MAP - A STALE PREFERRED LEAGUE TAG. Wikidata's preferred P118 on Q5426249 is Q1813595 First League, from 2023, no end date, and there is no P576, so it arrived at tier 2 at the GAT Arena. Neither complete 2026-27 article lists it (SuperLiga 14 of 14 resolved, First League 16 of 16 resolved), read on a runner 2026-09-27. The independent reason is its English Wikipedia infobox: 2024-25 Serbian First League, 3rd of 16 (withdrew). No tier is written - Serbia is tracked at tiers 1-2 only. Empty this row to bring it back"
Q757098,FK Rad,RS,skip,,,,,,https://en.wikipedia.org/wiki/2026%E2%80%9327_Serbian_SuperLiga; https://en.wikipedia.org/wiki/2026%E2%80%9327_Serbian_First_League; https://en.wikipedia.org/wiki/FK_Rad,"OFF THE MAP - A STALE PREFERRED LEAGUE TAG. Wikidata's preferred P118 on Q757098 is Q1813595 First League, from 2021, no end date, and there is no P576, so it arrived at tier 2 at the King Peter I Stadium. Neither complete 2026-27 article lists it (SuperLiga 14 of 14 resolved, First League 16 of 16 resolved), read on a runner 2026-09-27. The independent reason is its English Wikipedia infobox: League: Belgrade First League - Group C; 2024-25 Belgrade Zone League, 13th of 14 (relegated). No tier is written - Serbia is tracked at tiers 1-2 only. Empty this row to bring it back"
Q2335020,FK Sloga Kraljevo,RS,skip,,,,,,https://en.wikipedia.org/wiki/2026%E2%80%9327_Serbian_SuperLiga; https://en.wikipedia.org/wiki/2026%E2%80%9327_Serbian_First_League; https://en.wikipedia.org/wiki/FK_Sloga_Kraljevo,"OFF THE MAP - A CLUB THAT NO LONGER EXISTS. Wikidata gives Q2335020 one P118, Q1813595 First League, normal rank, undated, and no P576, so it arrived at tier 2 at the Kraljevo City Stadium. Neither complete 2026-27 article lists it (SuperLiga 14 of 14 resolved, First League 16 of 16 resolved), read on a runner 2026-09-27. The independent reason is its English Wikipedia infobox: 'Dissolved 2025', last season 2024-25, Serbian League West 16th. Shape 4. No tier is written - Serbia is tracked at tiers 1-2 only. Empty this row to bring it back"
Q3544941,FK Timok 1919,RS,skip,,,,,,https://en.wikipedia.org/wiki/2026%E2%80%9327_Serbian_SuperLiga; https://en.wikipedia.org/wiki/2026%E2%80%9327_Serbian_First_League; https://en.wikipedia.org/wiki/FK_Timok,"OFF THE MAP - A STALE LEAGUE TAG. Wikidata gives Q3544941 one P118, Q1813595 First League, normal rank, undated, and no P576, so it arrived at tier 2 at the Kraljevica Stadium in Zajecar. Neither complete 2026-27 article lists it (SuperLiga 14 of 14 resolved, First League 16 of 16 resolved), read on a runner 2026-09-27. The independent reason is its English Wikipedia infobox: League: Serbian League East, 2024-25, 7th. No tier is written - Serbia is tracked at tiers 1-2 only. Empty this row to bring it back"
Q284077,OFK Bačka,RS,skip,,,,,,https://en.wikipedia.org/wiki/2026%E2%80%9327_Serbian_SuperLiga; https://en.wikipedia.org/wiki/2026%E2%80%9327_Serbian_First_League; https://en.wikipedia.org/wiki/OFK_Ba%C4%8Dka,"OFF THE MAP - A STALE PREFERRED LEAGUE TAG. Wikidata's preferred P118 on Q284077 is Q1813595 First League, from 2021, no end date, and there is no P576, so it arrived at tier 2 at the Stadion Slavko Maletin Vava. Neither complete 2026-27 article lists it (SuperLiga 14 of 14 resolved, First League 16 of 16 resolved), read on a runner 2026-09-27. The independent reason is its English Wikipedia infobox: League: Serbian League Vojvodina; 2024-25 Vojvodina League North, 1st (promoted). No tier is written - Serbia is tracked at tiers 1-2 only. Empty this row to bring it back"
Q749049,OFK Mladenovac,RS,skip,,,,,,https://en.wikipedia.org/wiki/2026%E2%80%9327_Serbian_SuperLiga; https://en.wikipedia.org/wiki/2026%E2%80%9327_Serbian_First_League; https://en.wikipedia.org/wiki/OFK_Mladenovac,"OFF THE MAP - A STALE LEAGUE TAG. Wikidata gives Q749049 one P118, Q1813595 First League, normal rank, undated, and no P576, so it arrived at tier 2 at the Stadion Selters. Neither complete 2026-27 article lists it (SuperLiga 14 of 14 resolved, First League 16 of 16 resolved), read on a runner 2026-09-27. The independent reason is its English Wikipedia infobox: League: Belgrade Zone League, 2024-25, 5th of 16. No tier is written - Serbia is tracked at tiers 1-2 only. Empty this row to bring it back"
Q2523663,RFK Novi Sad 1921,RS,skip,,,,,,https://en.wikipedia.org/wiki/2026%E2%80%9327_Serbian_SuperLiga; https://en.wikipedia.org/wiki/2026%E2%80%9327_Serbian_First_League; https://en.wikipedia.org/wiki/RFK_Novi_Sad_1921,"OFF THE MAP - A STALE LEAGUE TAG. Wikidata gives Q2523663 one P118, Q1813595 First League, normal rank, undated, and no P576, so it arrived at tier 2 at the Stadion Detelinara. Neither complete 2026-27 article lists it (SuperLiga 14 of 14 resolved, First League 16 of 16 resolved), read on a runner 2026-09-27. The independent reason is its English Wikipedia infobox: 2024-25 Serbian League Vojvodina, 10th of 16. Noticed on the way, not changed: the Detelinara item (Q5265659) carries the same P625 as the Stadion Kralj Petar I in Belgrade (Q3441751), 44.765156/20.472153 - a copied coordinate on the ground item, 70 km from Novi Sad. No tier is written - Serbia is tracked at tiers 1-2 only. Empty this row to bring it back"
Q2206406,SKU Amstetten,AT,2,Ertl Glas-Stadion,3030,48.115159,14.877402,,https://en.wikipedia.org/wiki/2026%E2%80%9327_Austrian_Football_Second_League; https://en.wikipedia.org/wiki/2026%E2%80%9327_Austrian_Football_Bundesliga; https://en.wikipedia.org/wiki/SKU_Amstetten; https://www.2liga.at/de/team/sku-ertl-glas-amstetten/10308/stadion; https://www.wikidata.org/wiki/Q73438091,"ON THE MAP THROUGH THE HAND-NAMED FALLBACK, on Alexandru's instruction of 2026-09-27 to add the clubs promoted into the 2. Liga whose tags did not follow, each only where its season article confirms it. This row names the club's own Q-id with a country and a tier; fetch_clubs.py brings the item in because Wikidata has it with no P576 and the 2026-27 2. Liga article names it, so the roster check reads ONE club, not a missing one and an extra one. Wikidata gives Q2206406 one P118, a Regionalliga (Q683390). TIER 2: the complete 2026-27 2. Liga article lists it (16 rows, all accounted for) and the complete Bundesliga article (12 of 12) does not; its English infobox says 2. Liga, 2025-26 5th of 16, and the league's own team page (2liga.at, read on a runner 2026-09-27) lists it. GROUND: the Ertl Glas-Stadion on the 2. Liga table, both Wikipedias and the league's page (Stadthallestrasse, Amstetten); position is the ground's own item Q73438091, 48.115159/14.877402, which OpenStreetMap's way/464110963 also names. CAPACITY 3,030: the league's own page, with both club infoboxes' 3,000 within 1%. Not taken: 2,800 (German stadium article), 2,000 (the 2. Liga table). If a build cannot confirm it (a roster read failed), it is missing from that build and the run summary says so"
Q699686,SC Schwarz-Weiß Bregenz,AT,2,ImmoAgentur Stadion,,,,,https://en.wikipedia.org/wiki/2026%E2%80%9327_Austrian_Football_Second_League; https://en.wikipedia.org/wiki/2026%E2%80%9327_Austrian_Football_Bundesliga; https://en.wikipedia.org/wiki/Schwarz-Wei%C3%9F_Bregenz; https://www.2liga.at/de/team/schwarz-weiss-bregenz/6521/stadion; https://stadiumdb.com/stadiums/aut,"ON THE MAP THROUGH THE HAND-NAMED FALLBACK, on Alexandru's instruction of 2026-09-27 to add the clubs promoted into the 2. Liga whose tags did not follow, each only where its season article confirms it. This row names the club's own Q-id with a country and a tier; fetch_clubs.py brings the item in because Wikidata has it with no P576 and the 2026-27 2. Liga article names it, so the roster check reads ONE club, not a missing one and an extra one. Q699686 is the club refounded in 2005 (German Wikipedia 'Schwarz-Weiss Bregenz (2005)'), not the one dissolved in 2007. Wikidata gives it one P118, a Regionalliga (Q4825492). TIER 2: the complete 2026-27 2. Liga article lists it (16 rows, all accounted for) and the complete Bundesliga article (12 of 12) does not; its English infobox says 2. Liga, 2025-26 15th of 16, and the league's own team page lists it. GROUND: its own P115, Q643870, with its position - the ImmoAgentur Stadion by its current name on the 2. Liga table, the English infobox and the league's page (Saegerstrasse 1, Bregenz); the venue cell only renames it. CAPACITY CONTESTED, NOT CHANGED: 12,000 (Wikidata, and the 2. Liga table) against 5,000 (the league's own page, and the English infobox), with StadiumDB's 11,112 near neither - two pairs that do not agree with each other, so by the rule nothing is changed and the map shows Wikidata's figure. If a build cannot confirm it (a roster read failed), it is missing from that build and the run summary says so"
Q696474,Floridsdorfer AC,AT,2,FAC-Platz,3000,48.269836,16.393717,,https://en.wikipedia.org/wiki/2026%E2%80%9327_Austrian_Football_Second_League; https://en.wikipedia.org/wiki/2026%E2%80%9327_Austrian_Football_Bundesliga; https://en.wikipedia.org/wiki/Floridsdorfer_AC; https://www.2liga.at/de/team/fac-wien/7613/stadion; https://www.wikidata.org/wiki/Q17124251,"ON THE MAP THROUGH THE HAND-NAMED FALLBACK, on Alexandru's instruction of 2026-09-27 to add the clubs promoted into the 2. Liga whose tags did not follow, each only where its season article confirms it. This row names the club's own Q-id with a country and a tier; fetch_clubs.py brings the item in because Wikidata has it with no P576 and the 2026-27 2. Liga article names it, so the roster check reads ONE club, not a missing one and an extra one. Wikidata gives Q696474 one P118, a Regionalliga (Q683390). TIER 2: the complete 2026-27 2. Liga article lists it (16 rows, all accounted for) and the complete Bundesliga article (12 of 12) does not; its English infobox says 2. Liga, 2025-26 4th of 16, and the league's own team page lists it as FAC Wien. GROUND: the FAC-Platz (Hopfengasse 8, Vienna) on the 2. Liga table, both Wikipedias and the league's page; position is the ground's own item Q17124251, 48.269836/16.393717, 40 m from OpenStreetMap's FAC-Platz. CAPACITY 3,000: the league's own page and every Wikipedia figure agree. If a build cannot confirm it (a roster read failed), it is missing from that build and the run summary says so"
Q297832,ASK Voitsberg,AT,2,Münzer Bioindustrie Sportpark,,47.047632,15.155825,,https://en.wikipedia.org/wiki/2026%E2%80%9327_Austrian_Football_Second_League; https://en.wikipedia.org/wiki/2026%E2%80%9327_Austrian_Football_Bundesliga; https://en.wikipedia.org/wiki/ASK_Voitsberg; https://www.2liga.at/de/team/ask-voitsberg/6418/stadion; https://www.wikidata.org/wiki/Q140456746,"ON THE MAP THROUGH THE HAND-NAMED FALLBACK, on Alexandru's instruction of 2026-09-27 to add the clubs promoted into the 2. Liga whose tags did not follow, each only where its season article confirms it. This row names the club's own Q-id with a country and a tier; fetch_clubs.py brings the item in because Wikidata has it with no P576 and the 2026-27 2. Liga article names it, so the roster check reads ONE club, not a missing one and an extra one. Wikidata gives Q297832 one P118, a Regionalliga (Q4825490). TIER 2: the complete 2026-27 2. Liga article lists it (16 rows, all accounted for) and the complete Bundesliga article (12 of 12) does not; the article says it was promoted from the Regionalliga Central, and its English infobox agrees (2025-26 Regionalliga Central, 1st, promoted). GROUND: the Muenzer Bioindustrie Sportpark (Burggasse 52, Voitsberg) on the 2. Liga table, the German infobox and the league's own page; the English infobox calls it the Hans Bluemel Stadion, the ground's older name, at the same 1,635 the league gives. Position: that ground's Wikidata item Q140456746 ('association football venue in Voitsberg'), 47.047632/15.155825, 60 m from OpenStreetMap's pitch named ASK Voitsberg. CAPACITY BLANK: 1,635 (the league's page, the English infobox) against 2,500 (the 2. Liga table, the German infobox) - two pairs that do not agree. If a build cannot confirm it (a roster read failed), it is missing from that build and the run summary says so"
Q63168427,FC Hertha Wels,AT,2,EWW Stadion,3000,48.159028,13.982278,,https://en.wikipedia.org/wiki/2026%E2%80%9327_Austrian_Football_Second_League; https://en.wikipedia.org/wiki/2026%E2%80%9327_Austrian_Football_Bundesliga; https://de.wikipedia.org/wiki/FC_Hertha_Wels; https://www.2liga.at/de/team/fc-hertha-wels/12378/stadion; https://www.wikidata.org/wiki/Q65167618,"ON THE MAP THROUGH THE HAND-NAMED FALLBACK, on Alexandru's instruction of 2026-09-27 to add the clubs promoted into the 2. Liga whose tags did not follow, each only where its season article confirms it. This row names the club's own Q-id with a country and a tier; fetch_clubs.py brings the item in because Wikidata has it with no P576 and the 2026-27 2. Liga article names it, so the roster check reads ONE club, not a missing one and an extra one. Wikidata gives Q63168427 NO P118 at all. TIER 2: the complete 2026-27 2. Liga article lists it (16 rows, all accounted for) and the complete Bundesliga article (12 of 12) does not; the German article says it has played in the 2. Liga since 2025-26, and the league's own team page lists it. GROUND: the league's page says EWW Stadion (Primelstrasse 30, Wels), the German infobox says eww Stadion, the 2. Liga table and the German article's text say HUBER Arena - sponsor names for one ground: Wikidata's item Q65167618, labelled HUBER Arena, sits 7 m from OpenStreetMap's 'eww Stadion', and its P625 48.159028/13.982278 is the position written here. OpenStreetMap also has a 'Mauth Stadion Wels' 2.4 km away with the club as operator, which the German article gives as the ground's name before 2018 - not used, because the three current sources and the item agree on the other point. CAPACITY 3,000: the league's page, the 2. Liga table and the German article agree. If a build cannot confirm it (a roster read failed), it is missing from that build and the run summary says so"
Q98228613,SK Rapid Wien II,AT,2,Allianz Stadion,28600,48.1981,16.2653,,https://en.wikipedia.org/wiki/2026%E2%80%9327_Austrian_Football_Second_League; https://de.wikipedia.org/wiki/SK_Rapid_Wien_II; https://www.2liga.at/de/team/sk-rapid-ii/9529/stadion; https://www.wikidata.org/wiki/Q17310225,"ON THE MAP THROUGH THE HAND-NAMED FALLBACK, on Alexandru's instruction of 2026-09-27 to add the clubs promoted into the 2. Liga whose tags did not follow, each only where its season article confirms it. This row names the club's own Q-id with a country and a tier; fetch_clubs.py brings the item in because Wikidata has it with no P576 and the 2026-27 2. Liga article names it through a hand link, so the roster check reads ONE club, not a missing one and an extra one. The article's row 'SK Rapid II' links the parent club SK Rapid Wien, because the reserve side has no English article, so the roster reader leaves it out rather than read Rapid at tier 2; data/roster-links-manual.csv joins that row to Q98228613. Q98228613 carries no P118 and names Q131215 SK Rapid Wien as P361, and Rapid's own item lists it in P527. TIER 2: the complete 2026-27 2. Liga article lists it (16 rows, all accounted for) and the complete Bundesliga article (12 of 12) does not; the German article says it has played in the 2. Liga since 2024-25 ('traegt der Verein die LigaZwa-Spiele wieder im Weststadion aus'), and the league's own team page lists it. GROUND: the Allianz Stadion on the 2. Liga table, the German infobox and the league's page - the first team's ground, so it shares SK Rapid Wien's pin (Q17310225's P625). CAPACITY 28,600, the figure in use on SK Rapid Wien's row for the same ground, so one ground carries one figure. Not taken: 28,345 (the 2. Liga table, the German infobox), 26,000 (the league's own page, for both Rapid teams). If a build cannot confirm it (a roster read failed), it is missing from that build and the run summary says so"
Q98217947,SK Sturm Graz II,AT,2,Solarstadion Gleisdorf,,47.098238,15.704819,,https://en.wikipedia.org/wiki/2026%E2%80%9327_Austrian_Football_Second_League; https://de.wikipedia.org/wiki/SK_Sturm_Graz_II; https://www.2liga.at/de/team/sk-sturm-graz-ii/10255/stadion; https://www.openstreetmap.org/way/288036646,"ON THE MAP THROUGH THE HAND-NAMED FALLBACK, on Alexandru's instruction of 2026-09-27 to add the clubs promoted into the 2. Liga whose tags did not follow, each only where its season article confirms it. This row names the club's own Q-id with a country and a tier; fetch_clubs.py brings the item in because Wikidata has it with no P576 and the 2026-27 2. Liga article names it through a hand link, so the roster check reads ONE club, not a missing one and an extra one. The article's row 'Sturm Graz II' links the parent club SK Sturm Graz, so the roster reader leaves it out; data/roster-links-manual.csv joins that row to Q98217947, which carries no P118 and no relation to its parent on Wikidata. TIER 2: the complete 2026-27 2. Liga article lists it (16 rows, all accounted for) and the complete Bundesliga article (12 of 12) does not; the German article says it has played in the 2. Liga since 2022-23, and the league's own team page lists it. GROUND SETTLED BY A THIRD SOURCE: the English 2. Liga table says the Merkur Arena (16,364), the first team's; the league's own page says the Solarstadion Gleisdorf (Stadionstrasse 1, Gleisdorf), and so do the German infobox and the German article, which says the side moved there in 2022-23 and had to leave for a season in 2023-24 while the ground lost its licence. Three against one. No Wikidata item for the ground was found, so the position is OpenStreetMap's way/288036646, 'Solarstadion', Gleisdorf, sport soccer, 47.098238/15.704819. CAPACITY BLANK: 1,000 (the league's page) against 700 (the German infobox). If a build cannot confirm it (a roster read failed), it is missing from that build and the run summary says so"
Q261813,FC Wacker Innsbruck,AT,,,16008,,,,https://www.2liga.at/de/team/fc-wacker-innsbruck/6537/stadion; https://en.wikipedia.org/wiki/2026%E2%80%9327_Austrian_Football_Second_League; https://www.bundesliga.at/de/team/wsg-tirol/6540/stadion; https://stadiumdb.com/stadiums/aut; https://www.wsg-fussball.at/de/verein/stadion/,"ONE GROUND, ONE FIGURE, 2026-09-27 - see WSG Tirol's row, which shares the Tivoli Stadion Tirol and carries the same 16,008 and the whole list of figures. The map showed 17,400 here, Wikidata's figure for Q204484, left standing on 2026-09-26 because this club's own division table (17,000) agreed with it within 5%; the league's own page for this club says 16,008, as it does for WSG, and that settles the two rows on one number. Q261813 is the club founded in 2002 (English Wikipedia 'FC Wacker Innsbruck (2002)'); the article titled 'FC Wacker Innsbruck' is the club dissolved in 1999"
Q1387293,FC Liefering,AT,,,30188,,,,https://www.2liga.at/de/team/fc-liefering/6526/stadion; https://en.wikipedia.org/wiki/2026%E2%80%9327_Austrian_Football_Second_League; https://en.wikipedia.org/wiki/FC_Liefering; https://de.wikipedia.org/wiki/FC_Liefering; https://www.wikidata.org/wiki/Q2498860,"GROUND SETTLED BY A THIRD SOURCE, 2026-09-27: the Red Bull Arena, which is what the map already showed. Wikidata's P115 on Q1387293 is Q206135 Red Bull Arena; the 2026-27 2. Liga table says the Untersberg-Arena in Groedig (4,128), and the English infobox lists both. The third source is the league's own team page (2liga.at, read on a runner): Red Bull Arena, Stadionstrasse 2/3, Wals-Siezenheim. The German article agrees: the club moved to the Red Bull Arena on promotion in 2013 and played at the Untersberg-Arena as a tenant in 2014-15 and again in 2018-19 and 2019-20, which is where the table's figure comes from. No position was changed. CAPACITY 30,188, the figure in use on FC Red Bull Salzburg's row for the same ground, so one ground carries one figure - until now this row showed Wikidata's 31,895, the Euro 2008 figure. Not taken: 17,318 (the league's page for this club, its league-match figure)"
Q218724,FK Javor Ivanjica,RS,2,,,,,,https://en.wikipedia.org/wiki/2026%E2%80%9327_Serbian_SuperLiga; https://en.wikipedia.org/wiki/2026%E2%80%9327_Serbian_First_League; https://en.wikipedia.org/wiki/FK_Javor_Ivanjica,"TIER CORRECTED FROM 1 TO 2 - reviewable, and Alexandru's to overrule. Wikidata's preferred P118 on Q218724 is Q235307 SuperLiga, from 2025, no end date, so it arrived at tier 1. Three reads, two of them complete division lists (read on a runner 2026-09-27): the 2026-27 SuperLiga article (14 of 14 resolved) does not list it, the 2026-27 First League article (16 of 16 resolved) does, and the First League article's Team changes table lists it as relegated from the 2025-26 SuperLiga, as does its English infobox (2025-26 SuperLiga, 14th of 16, relegated; league Serbian First League). The table calls it Javor-Matis. The FC Wil shape. Empty the tier cell and it goes back to tier 1"
Q843210,FK Napredak Kruševac,RS,2,,,,,,https://en.wikipedia.org/wiki/2026%E2%80%9327_Serbian_SuperLiga; https://en.wikipedia.org/wiki/2026%E2%80%9327_Serbian_First_League; https://en.wikipedia.org/wiki/FK_Napredak_Kru%C5%A1evac,"TIER CORRECTED FROM 1 TO 2 - reviewable, and Alexandru's to overrule. Wikidata's preferred P118 on Q843210 is Q235307 SuperLiga, from 2016, no end date, so it arrived at tier 1. Three reads, two of them complete division lists (read on a runner 2026-09-27): the 2026-27 SuperLiga article (14 of 14 resolved) does not list it, the 2026-27 First League article (16 of 16 resolved) does, and the Team changes table lists it as relegated from the 2025-26 SuperLiga, as does its English infobox (16th of 16, relegated; league Serbian First League). The FC Wil shape. Empty the tier cell and it goes back to tier 1"
Q421940,FK Smederevo 1924,RS,2,,,,,,https://en.wikipedia.org/wiki/2026%E2%80%9327_Serbian_SuperLiga; https://en.wikipedia.org/wiki/2026%E2%80%9327_Serbian_First_League; https://en.wikipedia.org/wiki/FK_Smederevo_1924,"TIER CORRECTED FROM 1 TO 2 - reviewable, and Alexandru's to overrule. Wikidata gives Q421940 one P118, Q235307 SuperLiga, normal rank, qualified 2009-2013 - the club query does not read end dates, so it arrived at tier 1. Three reads, two of them complete division lists (read on a runner 2026-09-27): the 2026-27 SuperLiga article (14 of 14 resolved) does not list it, the 2026-27 First League article (16 of 16 resolved) does, and its English infobox says League: Serbian First League, 2025-26 First League 7th of 16. The FC Wil shape. Empty the tier cell and it goes back to tier 1"
Q94605,FK Spartak Subotica,RS,2,,,,,,https://en.wikipedia.org/wiki/2026%E2%80%9327_Serbian_SuperLiga; https://en.wikipedia.org/wiki/2026%E2%80%9327_Serbian_First_League; https://en.wikipedia.org/wiki/FK_Spartak_Subotica,"TIER CORRECTED FROM 1 TO 2 - reviewable, and Alexandru's to overrule. Wikidata gives Q94605 one P118, Q235307 SuperLiga, normal rank, from 2009, no end date, so it arrived at tier 1. Three reads, two of them complete division lists (read on a runner 2026-09-27): the 2026-27 SuperLiga article (14 of 14 resolved) does not list it, the 2026-27 First League article (16 of 16 resolved) does, and the Team changes table lists it as relegated from the 2025-26 SuperLiga (as Spartak ZK), as does its English infobox (15th of 16, relegated; league Serbian First League). The FC Wil shape. Empty the tier cell and it goes back to tier 1"
Q828297,FK TSC,RS,2,TSC Arena,4500,45.815822,19.627244,,https://en.wikipedia.org/wiki/2026%E2%80%9327_Serbian_SuperLiga; https://en.wikipedia.org/wiki/2026%E2%80%9327_Serbian_First_League; https://en.wikipedia.org/wiki/FK_TSC; https://stadiumdb.com/stadiums/ser; https://www.wikidata.org/wiki/Q108414747,"TIER CORRECTED FROM 1 TO 2 - reviewable, and Alexandru's to overrule - AND PLACED. Wikidata's preferred P118 on Q828297 is Q235307 SuperLiga, from 2019, no end date, so it arrived at tier 1; it has no P115 and no P625, so it was dropped at the coordinates gate and was not drawn at all. TIER: the 2026-27 SuperLiga article (14 of 14) does not list it, the 2026-27 First League article (16 of 16) does, and both its Team changes table and its English infobox (2025-26 SuperLiga, 13th of 16, relegated) say it was relegated (read on a runner 2026-09-27). The FC Wil shape; empty the tier cell and it goes back to tier 1. GROUND: the TSC Arena in Backa Topola on the First League table, the English infobox and StadiumDB ('TSC Arena, Backa Topola, FK TSC'); OpenStreetMap's way/376176822 names FK TSC as operator. Position: the ground's own item Q108414747, 45.815822/19.627244. CAPACITY 4,500: the table and StadiumDB agree, and the infobox says the same"
Q4863629,FK Loznica,RS,2,Lagator Stadium,8030,44.539212,19.230742,,https://en.wikipedia.org/wiki/2026%E2%80%9327_Serbian_First_League; https://en.wikipedia.org/wiki/2026%E2%80%9327_Serbian_SuperLiga; https://en.wikipedia.org/wiki/FK_Loznica; https://stadiumdb.com/stadiums/ser; https://www.wikidata.org/wiki/Q109652716,"ON THE MAP THROUGH THE HAND-NAMED FALLBACK, 2026-09-27, in the Serbia pass: this row names the club's own Q-id with a country and a tier, and fetch_clubs.py brings the item in because Wikidata has it with no P576 and the 2026-27 First League article names it - so the roster check reads one club, not a missing one and an extra one. Wikidata gives Q4863629 one P118, Q388568 Serbian League West, a tier below. TIER 2: the complete First League article lists it, the complete SuperLiga article does not, and its English infobox says League: Serbian First League, 2025-26 4th (read on a runner 2026-09-27). GROUND: the Lagator Stadium in Loznica on the table, the infobox and StadiumDB ('Fudbalski stadion Lagator, Loznica, FK Loznica, FK IMT'); position is the ground's own item Q109652716, 44.539212/19.230742, which OpenStreetMap's way/1250756948 also names. Shared with FK IMT, genuinely - StadiumDB and both clubs' infoboxes say so. CAPACITY 8,030: Q109652716's P1083, the table and the infobox; StadiumDB's 8,067 is within 1% If a build cannot confirm it (a roster read failed), it is missing from that build and the run summary says so"
Q31181880,FK IMT,RS,,Lagator Stadium,8030,44.539212,19.230742,,https://en.wikipedia.org/wiki/2026%E2%80%9327_Serbian_SuperLiga; https://en.wikipedia.org/wiki/FK_IMT; https://stadiumdb.com/stadiums/ser; https://www.wikidata.org/wiki/Q109652716,"PLACED, 2026-09-27. Q31181880 carries the SuperLiga (from 2023) and is in the complete 2026-27 SuperLiga article, so the club query sees it at tier 1 - but neither it nor any ground on it has a position (no P115, no P625), so it was dropped at the coordinates gate. A Belgrade club that plays its home games in Loznica: the SuperLiga table says the Lagator Stadium, 8,030, and so do its English infobox ('Lagator Stadium, Loznica') and StadiumDB ('Fudbalski stadion Lagator, Loznica, FK Loznica, FK IMT'), read on a runner 2026-09-27. Position: the ground's own item Q109652716, 44.539212/19.230742. Shared with FK Loznica, genuinely. CAPACITY 8,030 as on Loznica's row. Checked before it was written: no P576, in the 2026-27 article, infobox 2025-26 SuperLiga 9th of 16 - not shape 6 The SuperLiga's own team page names the club's registered ground in Belgrade ('Stadion FK IMT', about 1,000 seats), but the league's own schedule has its 2026-27 home games at 'Gradski stadion Lagator, Loznica' (IMT 4:0 Zemun, 25 July; IMT 0:0 Radnicki Nis, 16 August) - the ground in use wins"
Q140302346,FK Proleter 023,RS,2,Stadion Karađorđev park,13500,45.386769,20.398686,,https://en.wikipedia.org/wiki/2026%E2%80%9327_Serbian_First_League; https://en.wikipedia.org/wiki/2026%E2%80%9327_Serbian_SuperLiga; https://en.wikipedia.org/wiki/FK_Proleter_023; https://www.wikidata.org/wiki/Q1638077,"ON THE MAP THROUGH THE HAND-NAMED FALLBACK, 2026-09-27, in the Serbia pass: this row names the club's own Q-id with a country and a tier, and fetch_clubs.py brings the item in because Wikidata has it with no P576 and the 2026-27 First League article names it - so the roster check reads one club, not a missing one and an extra one. Q140302346 is a new item for a club refounded as Proleter 023 on 9 July 2026 (English infobox: founded 1921 as Bratstvo) and carries no P118 and no P17. It is NOT FK Proleter Zrenjanin (Q2561958, dissolved 2005), which has a skip row. TIER 2: the complete First League article lists it and its Team changes table has it promoted from the Serbian League; the complete SuperLiga article does not list it; its infobox: 2025-26 Serbian League Vojvodina, 1st of 16, promoted (read on a runner 2026-09-27). GROUND: the Stadion Karadjordjev park in Zrenjanin on the table and the infobox ('Zrenjanin City Stadium'); position is the ground's own item Q1638077, 45.386769/20.398686, which OpenStreetMap's way/663220314 also names. CAPACITY 13,500: Q1638077's P1083, the table and the infobox agree If a build cannot confirm it (a roster read failed), it is missing from that build and the run summary says so"
Q5426131,GFK Dubočica,RS,2,Dubočica Stadium,8136,42.99017,21.959828,,https://en.wikipedia.org/wiki/2026%E2%80%9327_Serbian_First_League; https://en.wikipedia.org/wiki/2026%E2%80%9327_Serbian_SuperLiga; https://en.wikipedia.org/wiki/GFK_Dubo%C4%8Dica; https://stadiumdb.com/stadiums/ser; https://www.wikidata.org/wiki/Q122418128,"ON THE MAP THROUGH THE HAND-NAMED FALLBACK, 2026-09-27, in the Serbia pass: this row names the club's own Q-id with a country and a tier, and fetch_clubs.py brings the item in because Wikidata has it with no P576 and the 2026-27 First League article names it - so the roster check reads one club, not a missing one and an extra one. Wikidata gives Q5426131 one P118, Q694079 Serbian League East, a tier below. TIER 2: the complete First League article lists it, the complete SuperLiga article does not, and its English infobox says League: Serbian First League, 2024-25 First League 11th (read on a runner 2026-09-27). GROUND: the Dubocica Stadium in Leskovac on the table, the infobox and StadiumDB ('Gradski stadion Dubocica, Leskovac, GFK Dubocica Leskovac'); position is the ground's own item Q122418128, 42.99017/21.959828, which OpenStreetMap's way/880155272 also names. CAPACITY 8,136: the table, the infobox, StadiumDB and OpenStreetMap agree If a build cannot confirm it (a roster read failed), it is missing from that build and the run summary says so"
Q3063273,RFK Grafičar Beograd,RS,2,"Rajko Mitić Stadium, auxiliary pitch",,44.783333,20.464722,,https://en.wikipedia.org/wiki/2026%E2%80%9327_Serbian_First_League; https://en.wikipedia.org/wiki/2026%E2%80%9327_Serbian_SuperLiga; https://en.wikipedia.org/wiki/RFK_Grafi%C4%8Dar_Beograd; https://sr.wikipedia.org/wiki/%D0%A0%D0%A4%D0%9A_%D0%93%D1%80%D0%B0%D1%84%D0%B8%D1%87%D0%B0%D1%80; https://www.wikidata.org/wiki/Q478000,"ON THE MAP THROUGH THE HAND-NAMED FALLBACK, 2026-09-27, in the Serbia pass: this row names the club's own Q-id with a country and a tier, and fetch_clubs.py brings the item in because Wikidata has it with no P576 and the 2026-27 First League article names it - so the roster check reads one club, not a missing one and an extra one. Wikidata gives Q3063273 one P118, Q1506296, a Belgrade league below the First League. TIER 2: the complete First League article lists it, the complete SuperLiga article does not, and its English infobox says League: Serbian First League, 2025-26 10th (read on a runner 2026-09-27). GROUND: the auxiliary artificial pitch of the Rajko Mitic Stadium complex - the table ('Rajko Mitic Stadium - South Stand Artificial'), the English infobox ('South artificial grass No. 5 field') and the Serbian infobox ('Pomocni stadion Rajko Mitic') agree, and the Serbian article says the club has played on Red Star's auxiliary pitch since 2018-19 rather than at its old ground in Senjak. No item or OpenStreetMap object for that pitch was found, so the position is the Rajko Mitic Stadium's own, Q478000's P625, and the club shares Red Star's pin - the complex, not the main bowl. CAPACITY BLANK: 1,000 (English table and infobox) against 1,500 (Serbian infobox) If a build cannot confirm it (a roster read failed), it is missing from that build and the run summary says so"
Q2614598,FK Mačva Šabac,RS,1,Stadion FK Mačva,,44.748424,19.685923,,https://en.wikipedia.org/wiki/2026%E2%80%9327_Serbian_SuperLiga; https://en.wikipedia.org/wiki/2026%E2%80%9327_Serbian_First_League; https://en.wikipedia.org/wiki/FK_Ma%C4%8Dva_%C5%A0abac; https://www.superliga.rs/tim/macva/; https://www.wikidata.org/wiki/Q38244305,"TIER CORRECTED FROM 2 TO 1 - reviewable, and Alexandru's to overrule - AND PLACED. Wikidata's preferred P118 on Q2614598 is Q1813595 First League, from 2021, no end date, so it arrived at tier 2; it has no P115 and no P625, so it was dropped at the coordinates gate. TIER: the complete 2026-27 SuperLiga article (14 of 14) lists it and its Team changes table has it promoted from the First League; the complete First League article (16 of 16) does not list it; its English infobox says League: Serbian SuperLiga, 2025-26 First League 2nd, and the SuperLiga's own site has its team page (read on a runner 2026-09-27). The Babelsberg shape. Empty the tier cell and it goes back to tier 2. GROUND: the Stadion FK Macva in Sabac on the SuperLiga table, the English and Serbian infoboxes and the league's own page. Position: the ground's own item Q38244305, 44.748424/19.685923, within 10 m of the English infobox's coordinate and of OpenStreetMap's way/387429367. CAPACITY BLANK: 5,500 (English table and infobox) and 5,494 seats (Serbian infobox) are Wikipedia only, the Serbian article's text says 10,000 seats, and neither StadiumDB nor Wikidata has a figure"
Q61130291,OFK Vršac,RS,2,Gradski stadion Vršac,,45.118426,21.309806,,https://en.wikipedia.org/wiki/2026%E2%80%9327_Serbian_First_League; https://en.wikipedia.org/wiki/2026%E2%80%9327_Serbian_SuperLiga; https://en.wikipedia.org/wiki/OFK_Vr%C5%A1ac; https://www.prvaliga.rs/tim/ofk-vrsac/; https://www.openstreetmap.org/way/134768056,"ON THE MAP THROUGH THE HAND-NAMED FALLBACK, 2026-09-27, in the Serbia pass: this row names the club's own Q-id with a country and a tier, and fetch_clubs.py brings the item in because Wikidata has it with no P576 and the 2026-27 First League article names it - so the roster check reads one club, not a missing one and an extra one. Wikidata gives Q61130291 NO P118 at all. TIER 2: the complete First League article lists it, the complete SuperLiga article does not, and its English infobox says League: Serbian First League, 2025-26 5th of 16 (read on a runner 2026-09-27); the First League's own site has its team page. GROUND: the city stadium in Vrsac on the table ('Vrsac City Stadium'), both infoboxes and the league's page ('Gradski stadion, Vrsac'). No Wikidata item for the ground was found, so the position is OpenStreetMap's way/134768056, 'Gradski stadion', Vrsac, 45.118426/21.309806 - beside it the same map has a 'Pomocni stadion', the auxiliary pitch, which is not used. CAPACITY BLANK: 5,000 is Wikipedia's only (English table and infobox, Serbian infobox). If a build cannot confirm it (a roster read failed), it is missing from that build and the run summary says so"
Q209619,OFK Beograd,RS,,"SC FSS, Stara Pazova",<clear>,44.990528,20.192056,,https://en.wikipedia.org/wiki/2026%E2%80%9327_Serbian_SuperLiga; https://www.superliga.rs/raspored-i-rezultati/; https://en.wikipedia.org/wiki/OFK_Beograd; https://www.wikidata.org/wiki/Q3280007,"GROUND FOR 2026-27 CORRECTED, 2026-09-27. Wikidata's P115 on Q209619 is Q2749462 Omladinski stadion in Belgrade, 19,100, and the club's English and Serbian infoboxes and the SuperLiga's own team page ('Stadion OFK Beograd') name that ground too - it is the club's own. But the 2026-27 SuperLiga table says 'SC FSS (temporarily)', and the league's own schedule, read on a runner, has both of its home games so far there: OFK Beograd 0:0 Radnik (25 July 2026) and OFK Beograd 2:2 Zeleznicar (9 August 2026), 'SC FSS, Stara Pazova'. For a map of where matches are played, the ground in use wins; the registered one is recorded here, not dropped. Position: the Serbian FA Sports Center's own item Q3280007, 44.990528/20.192056, 25 km from Belgrade. CAPACITY CLEARED: 3,000 is the table's alone, and 19,100 belongs to the Omladinski. When the club returns to the Omladinski, empty venue, capacity, lat and lon"
Q2123289,FK Bor 1919,RS,2,"Stadion Mladost, Kruševac",10331,43.583114,21.338122,,https://en.wikipedia.org/wiki/2026%E2%80%9327_Serbian_First_League; https://www.prvaliga.rs/raspored-i-rezultati/; https://en.wikipedia.org/wiki/FK_Bor_1919; https://www.wikidata.org/wiki/Q3435068,"ON THE MAP THROUGH THE HAND-NAMED FALLBACK, 2026-09-27, in the Serbia pass: this row names the club's own Q-id with a country and a tier, and fetch_clubs.py brings the item in because Wikidata has it with no P576 and the 2026-27 First League article names it - so the roster check reads one club, not a missing one and an extra one. Wikidata gives Q2123289 one P118, Q7227416, a regional league below. TIER 2: the complete First League article lists it and its Team changes table has it promoted from the Serbian League; the complete SuperLiga article does not list it; its English infobox: 2025-26 Serbian League East, 1st of 16, promoted (read on a runner 2026-09-27). GROUND FOR 2026-27, NOT ITS OWN: the club's registered ground is the Stadion kraj Pirita in Bor (the First League's team page, the Serbian infobox, Wikidata's P625 on the item), but the league's own schedule has its home games at the Stadion Mladost in Krusevac (Bor 2:2 Vozdovac, 19 August; Bor 2:1 Proleter 023) and once at the Kraljevica in Zajecar (Bor 0:1 Napredak, 8 August), and the First League table and the English infobox both say Mladost Stadium, Krusevac, 'temporarily'. Two of three home games and two other sources: Krusevac, 170 km from Bor. Position: the ground's own item Q3435068, 43.583114/21.338122 - FK Napredak's ground, so the two share a pin. CAPACITY 10,331, the figure on Napredak's pin for the same ground (Q3435068's P1083, the table and StadiumDB agree); the English infobox's 8,168 is the Kraljevica's figure. When the club goes home to Bor, empty venue, capacity, lat and lon. If a build cannot confirm it (a roster read failed), it is missing from that build and the run summary says so"
Q12760457,FK Železničar Pančevo,RS,,"SC Mladost, Pančevo",,44.879086,20.662633,,https://en.wikipedia.org/wiki/2026%E2%80%9327_Serbian_SuperLiga; https://www.superliga.rs/raspored-i-rezultati/; https://en.wikipedia.org/wiki/FK_%C5%BDelezni%C4%8Dar_Pan%C4%8Devo; https://www.wikidata.org/wiki/Q134966054,"PLACED, 2026-09-27. Q12760457 carries the SuperLiga (from 2023) and is in the complete 2026-27 SuperLiga article, so the club query sees it at tier 1 - but neither it nor any ground on it has a position (no P115, no P625), so it was dropped at the coordinates gate. GROUND: the SC Mladost sports centre in Pancevo - the SuperLiga's own team page ('Stadion SC Mladost'), its schedule (every 2026-27 home game so far, six of them, 'SC Mladost, Pancevo'), and both the English ('SC Mladost Stadium') and Serbian ('SRC Mladost, Pancevo') infoboxes. No stadium item was found; the position is that of Q134966054, the Wikidata item for the complex's Commons category, 44.879086/20.662633, which sits 65 m from the larger grass football pitch OpenStreetMap maps there (way/68406503). CAPACITY BLANK: 2,967 (English table and infobox) against 1,200 (Serbian infobox). Checked before it was written: no P576, in the 2026-27 article, infobox 2025-26 SuperLiga 4th of 16 - not shape 6"
Q1323373,FK Zemun,RS,1,"Stadion Dragan Džajić, Ub",,<clear>,<clear>,,https://en.wikipedia.org/wiki/2026%E2%80%9327_Serbian_SuperLiga; https://www.superliga.rs/raspored-i-rezultati/; https://en.wikipedia.org/wiki/FK_Zemun; https://www.wikidata.org/wiki/Q110045992,"ON THE MAP THROUGH THE HAND-NAMED FALLBACK, 2026-09-27, in the Serbia pass: this row names the club's own Q-id with a country and a tier, and fetch_clubs.py brings the item in because Wikidata has it with no P576 and the 2026-27 SuperLiga article names it - so the roster check reads one club, not a missing one and an extra one. Wikidata gives Q1323373 one P118, Q1506296, a league below the First League. TIER 1: the complete SuperLiga article lists it and its Team changes table has it promoted from the First League; the complete First League article does not list it; its English and Serbian infoboxes say 2025-26 First League, 1st (read on a runner 2026-09-27). OFF THE MAP ON PURPOSE, AND NAMED: its 2026-27 home games are at the Stadion 'Dragan Dzajic' in Ub, 50 km from Zemun - the league's own schedule (Zemun 2:2 Partizan, 18 July; Zemun 0:1 Radnicki Nis, 2 August; Zemun 0:1 Mladost, 16 August), the SuperLiga table and the English infobox. Its own ground, the Zemun City Stadium (Wikidata's P115 Q2743782, the league's team page, the Serbian infobox), is where the map would otherwise have put it, and no 2026-27 match has been played there. The Ub ground's Wikidata item Q110045992 has no position, and OpenStreetMap maps three unnamed full-size pitches in Ub and no grandstand, so which one is the stadium is not known - the lat and lon are cleared rather than guessed. FK Jedinstvo Ub, whose ground it is, is off the map for the same reason. Put both halves of a coordinate here, once a source gives the Ub ground's position, and it returns. If a build cannot confirm it (a roster read failed), it is missing from that build and the run summary says so"
Q3180055,Niki Volos F.C.,GR,2,,,,,,https://en.wikipedia.org/wiki/2026%E2%80%9327_Super_League_Greece_2; https://en.wikipedia.org/wiki/2026%E2%80%9327_Super_League_Greece; https://en.wikipedia.org/wiki/Niki_Volos_F.C.,"TIER 2 BY HAND, 2026-09-29, in the Greece pass - reviewable, the FC Wil shape. Wikidata's P118 on Q3180055 is all normal rank, and the only mapped tag among them is the Super League (Q235114) dated 1961-1966, so the club query - which does not read an end date - would draw it at tier 1. It carries no Super League 2 tag at all. The complete 2026-27 Super League article (14 of 14 resolved) does not list it, the complete 2026-27 Super League 2 article (16 of 16 resolved) does, and the club's own English infobox says league Super League Greece 2, 2025-26 North Group 2nd. Three reads, two of them complete division lists, read on a runner 2026-09-29. Empty the tier cell and it goes back to tier 1"
Q4122219,Panathinaikos F.C.,GR,,Athens Olympic Stadium,69618,38.036111,23.7875,,https://en.wikipedia.org/wiki/2026%E2%80%9327_Super_League_Greece; https://en.wikipedia.org/wiki/Panathinaikos_F.C.; https://stadiumdb.com/stadiums/gre; https://www.wikidata.org/wiki/Q189663,"GROUND PINNED, 2026-09-29, in the Greece pass - the SC Freiburg shape. Q4122219 carries two P115 values at the same rank, the Leoforos Alexandras Stadium (Q620473) and the Olympic Stadium (Q189663), so fetch_clubs.py keeps whichever the query service returns first and the club's ground could change between rebuilds, or mix one ground's name with the other's position. Three sources agree on the Olympic Stadium, 69,618: the 2026-27 Super League table, the club's own English infobox, and StadiumDB (Spiros Louis, Panathinaikos, 69,618); Wikidata's own figure for Q189663 is also 69,618. The Olympic Stadium's infobox lists Panathinaikos as tenant 2024-present, and the Leoforos's infobox names A.E. Kifisia as its tenant from 2026 - Kifisia is drawn there. The position is Q189663's own P625. Read on a runner 2026-09-29"
Q201584,AEK Athens F.C.,GR,,,32500,,,,https://en.wikipedia.org/wiki/2026%E2%80%9327_Super_League_Greece; https://stadiumdb.com/stadiums/gre; https://en.wikipedia.org/wiki/AEK_Athens_F.C.,"CONTESTED CAPACITY. In use: 32,500 (the 2026-27 Super League table and StadiumDB's Allwyn Arena agree exactly, and the club's English infobox gives the same figure with a 2023 licence document as its reference). Not taken: 34,000 and 31,100 - Wikidata carries BOTH on the ground item Q15284032 at the same rank, so which one the map showed depended on row order; 31,100 is also the stadium article's infobox figure and its record attendance. Every figure is written down on purpose, the UTA Arad rule, read on a runner 2026-09-29"
Q757320,Asteras Tripolis F.C.,GR,,,7423,,,,https://en.wikipedia.org/wiki/2026%E2%80%9327_Super_League_Greece; https://stadiumdb.com/stadiums/gre; https://en.wikipedia.org/wiki/Theodoros_Kolokotronis_Stadium,"CONTESTED CAPACITY. In use: 7,423 (the 2026-27 Super League table and StadiumDB agree exactly, and so do the club's and the stadium's English infoboxes). Not taken: 7,616, Wikidata's figure for the Theodoros Kolokotronis Stadium (Q4810658), which the map held until now - 2.6% off, inside the 5% band, but the other three are identical and the league table is the one this rule prefers. Recorded rather than dropped, the UTA Arad rule, read on a runner 2026-09-29"
Q135213959,Asteras Tripolis B,GR,,,7423,,,,https://www.wikidata.org/wiki/Q135213959; https://en.wikipedia.org/wiki/2026%E2%80%9327_Super_League_Greece_2,"NAME AND CAPACITY, 2026-09-29, in the Greece pass. Q135213959's English label is just 'Asteras Tripolis' - the first team's name - while its own Greek label is 'Αστέρας Τρίπολης Β΄', its Greek description calls it the men's football reserve section of Asteras Tripolis, its P831 (parent club) is Q757320 Asteras Tripolis F.C., and it was founded in 2024. It shares the Theodoros Kolokotronis Stadium pin with the first team, where two clubs both called 'Asteras Tripolis' would read as one club entered twice. The name here is the item's own, in English; nothing about which club it is was decided. Capacity 7,423 to match the first team's row for the same ground (the 2026-27 Super League 2 table gives the same figure for this side); Wikidata's 7,616 is recorded there as not taken. NOT DONE, and Alexandru's to decide: a line in data/roster-links-manual.csv joining the table row 'Asteras Tripolis B' - which links the parent club's article, so the roster check leaves it out - to Q135213959. Until then the roster check reads this club as extra-not-in-roster"
Q3292636,F.S. Kozani,GR,skip,,,,,,https://en.wikipedia.org/wiki/Kozani_F.C.; https://en.wikipedia.org/wiki/2026%E2%80%9327_Super_League_Greece_2; https://en.wikipedia.org/wiki/2026%E2%80%9327_Super_League_Greece,"REMOVED, 2026-09-29, in the Greece pass - the stale-tag shape, and the end-date one exactly. Wikidata gives Q3292636 two P118 statements, both normal rank: Super League 2 (Q63980269) dated 2023-2024 and the Gamma Ethniki (Q1436035) dated 2024-2026, no P576. The club query does not read an end date, so the 2024-ended Super League 2 tag drew it at tier 2 at the Kozani stadium. The Hermannstadt standard, read on a runner 2026-09-29: both 2026-27 articles are complete (Super League 14 of 14 resolved, Super League 2 16 of 16) and neither lists it, and the club's own English infobox states the reason - league Kozani FCA First Division, 2025-26 Gamma Ethniki Group 2, 10th (relegated); its article calls that the fourth tier. No tier is written: Greece is tracked at tiers 1-2 only. To bring it back, delete this row"
